n_neighbors,algorithm,cv,dataset,score
3,auto,2,digits_data,0.9593788941437034
4,auto,2,digits_data,0.9543683776331534
5,auto,2,digits_data,0.953256030580873
6,auto,2,digits_data,0.9493609578571588
7,auto,2,digits_data,0.9493609578571588
8,auto,2,digits_data,0.9488060230248407
9,auto,2,digits_data,0.9454665044803556
10,auto,2,digits_data,0.9482504688456117
11,auto,2,digits_data,0.9437986032488461
12,auto,2,digits_data,0.9421288439766036
13,auto,2,digits_data,0.9387887060852073
14,auto,2,digits_data,0.9393479763459027
15,auto,2,digits_data,0.9399022918313097
16,auto,2,digits_data,0.9399022918313097
17,auto,2,digits_data,0.938231913212156
18,auto,2,digits_data,0.9399035305251318
19,auto,2,digits_data,0.9387899447790293
20,auto,2,digits_data,0.9387899447790293
21,auto,2,digits_data,0.9387893254321183
22,auto,2,digits_data,0.9382331519059781
23,auto,2,digits_data,0.9365627732868245
24,auto,2,digits_data,0.9354504262345442
25,auto,2,digits_data,0.9348923946676708
26,auto,2,digits_data,0.9337800476153906
27,auto,2,digits_data,0.932665842522377
28,auto,2,digits_data,0.9315528761231856
29,auto,2,digits_data,0.9287701504517516
30,auto,2,digits_data,0.924317665508075
31,auto,2,digits_data,0.9237621113288459
32,auto,2,digits_data,0.9232053184557947
33,auto,2,digits_data,0.9220917327096922
34,auto,2,digits_data,0.9226479062358324
35,auto,2,digits_data,0.9215361785304632
36,auto,2,digits_data,0.9204225927843608
37,auto,2,digits_data,0.9170836935867867
38,auto,2,digits_data,0.9165269007137353
39,auto,2,digits_data,0.915969488493773
40,auto,2,digits_data,0.918751594818296
41,auto,2,digits_data,0.915969488493773
42,auto,2,digits_data,0.9148559027476706
43,auto,2,digits_data,0.915968249799951
44,auto,2,digits_data,0.9165262813668242
45,auto,2,digits_data,0.9154126956207218
46,auto,2,digits_data,0.9159701078406841
47,auto,2,digits_data,0.9143003485684416
48,auto,2,digits_data,0.9131873821692502
49,auto,2,digits_data,0.909848482971676
3,ball_tree,2,digits_data,0.9599350676698435
4,ball_tree,2,digits_data,0.9543683776331534
5,ball_tree,2,digits_data,0.953256030580873
6,ball_tree,2,digits_data,0.9493609578571588
7,ball_tree,2,digits_data,0.9493609578571588
8,ball_tree,2,digits_data,0.949362815897892
9,ball_tree,2,digits_data,0.9454665044803556
10,ball_tree,2,digits_data,0.9476936759725605
11,ball_tree,2,digits_data,0.9437986032488461
12,ball_tree,2,digits_data,0.9426856368496548
13,ball_tree,2,digits_data,0.9393454989582585
14,ball_tree,2,digits_data,0.9393479763459027
15,ball_tree,2,digits_data,0.9399022918313097
16,ball_tree,2,digits_data,0.9399022918313097
17,ball_tree,2,digits_data,0.938231913212156
18,ball_tree,2,digits_data,0.9410164969243233
19,ball_tree,2,digits_data,0.9382331519059781
20,ball_tree,2,digits_data,0.9393467376520805
21,ball_tree,2,digits_data,0.9382325325590671
22,ball_tree,2,digits_data,0.9382331519059781
23,ball_tree,2,digits_data,0.9365627732868245
24,ball_tree,2,digits_data,0.9354504262345442
25,ball_tree,2,digits_data,0.9348923946676708
26,ball_tree,2,digits_data,0.9337800476153906
27,ball_tree,2,digits_data,0.932665842522377
28,ball_tree,2,digits_data,0.9309967025970455
29,ball_tree,2,digits_data,0.9287701504517516
30,ball_tree,2,digits_data,0.924317665508075
31,ball_tree,2,digits_data,0.9237621113288459
32,ball_tree,2,digits_data,0.9232053184557947
33,ball_tree,2,digits_data,0.9226485255827435
34,ball_tree,2,digits_data,0.9226479062358324
35,ball_tree,2,digits_data,0.9215361785304632
36,ball_tree,2,digits_data,0.9204225927843608
37,ball_tree,2,digits_data,0.9170836935867867
38,ball_tree,2,digits_data,0.9165269007137353
39,ball_tree,2,digits_data,0.9165256620199133
40,ball_tree,2,digits_data,0.918751594818296
41,ball_tree,2,digits_data,0.915969488493773
42,ball_tree,2,digits_data,0.9148559027476706
43,ball_tree,2,digits_data,0.915968249799951
44,ball_tree,2,digits_data,0.9165262813668242
45,ball_tree,2,digits_data,0.915969488493773
46,ball_tree,2,digits_data,0.9159701078406841
47,ball_tree,2,digits_data,0.9143003485684416
48,ball_tree,2,digits_data,0.9131873821692502
49,ball_tree,2,digits_data,0.9104046564978161
3,kd_tree,2,digits_data,0.9599350676698435
4,kd_tree,2,digits_data,0.9543683776331534
5,kd_tree,2,digits_data,0.953256030580873
6,kd_tree,2,digits_data,0.9493609578571588
7,kd_tree,2,digits_data,0.9493609578571588
8,kd_tree,2,digits_data,0.9488060230248407
9,kd_tree,2,digits_data,0.9454665044803556
10,kd_tree,2,digits_data,0.9476936759725605
11,kd_tree,2,digits_data,0.9437986032488461
12,kd_tree,2,digits_data,0.9421288439766036
13,kd_tree,2,digits_data,0.9387887060852073
14,kd_tree,2,digits_data,0.939904149872043
15,kd_tree,2,digits_data,0.9404590847043609
16,kd_tree,2,digits_data,0.9399022918313097
17,kd_tree,2,digits_data,0.938231913212156
18,kd_tree,2,digits_data,0.940459704051272
19,kd_tree,2,digits_data,0.9387893254321183
20,kd_tree,2,digits_data,0.9393467376520805
21,kd_tree,2,digits_data,0.9382325325590671
22,kd_tree,2,digits_data,0.9382331519059781
23,kd_tree,2,digits_data,0.9365627732868245
24,kd_tree,2,digits_data,0.9354504262345442
25,kd_tree,2,digits_data,0.9348923946676708
26,kd_tree,2,digits_data,0.9337800476153906
27,kd_tree,2,digits_data,0.9321096689962368
28,kd_tree,2,digits_data,0.9309967025970455
29,kd_tree,2,digits_data,0.9287701504517516
30,kd_tree,2,digits_data,0.924317665508075
31,kd_tree,2,digits_data,0.9237621113288459
32,kd_tree,2,digits_data,0.9232053184557947
33,kd_tree,2,digits_data,0.9226485255827435
34,kd_tree,2,digits_data,0.9226479062358324
35,kd_tree,2,digits_data,0.9215361785304632
36,kd_tree,2,digits_data,0.9204225927843608
37,kd_tree,2,digits_data,0.9170836935867867
38,kd_tree,2,digits_data,0.9170830742398755
39,kd_tree,2,digits_data,0.915969488493773
40,kd_tree,2,digits_data,0.918751594818296
41,kd_tree,2,digits_data,0.915969488493773
42,kd_tree,2,digits_data,0.9148559027476706
43,kd_tree,2,digits_data,0.915968249799951
44,kd_tree,2,digits_data,0.9165262813668242
45,kd_tree,2,digits_data,0.915969488493773
46,kd_tree,2,digits_data,0.9159701078406841
47,kd_tree,2,digits_data,0.9143003485684416
48,kd_tree,2,digits_data,0.9131873821692502
49,kd_tree,2,digits_data,0.909848482971676
3,brute,2,digits_data,0.9593788941437034
4,brute,2,digits_data,0.9543683776331534
5,brute,2,digits_data,0.953256030580873
6,brute,2,digits_data,0.9493609578571588
7,brute,2,digits_data,0.9493609578571588
8,brute,2,digits_data,0.9488060230248407
9,brute,2,digits_data,0.9454665044803556
10,brute,2,digits_data,0.9482504688456117
11,brute,2,digits_data,0.9437986032488461
12,brute,2,digits_data,0.9421288439766036
13,brute,2,digits_data,0.9387887060852073
14,brute,2,digits_data,0.9393479763459027
15,brute,2,digits_data,0.9399022918313097
16,brute,2,digits_data,0.9399022918313097
17,brute,2,digits_data,0.938231913212156
18,brute,2,digits_data,0.9399035305251318
19,brute,2,digits_data,0.9387899447790293
20,brute,2,digits_data,0.9387899447790293
21,brute,2,digits_data,0.9387893254321183
22,brute,2,digits_data,0.9382331519059781
23,brute,2,digits_data,0.9365627732868245
24,brute,2,digits_data,0.9354504262345442
25,brute,2,digits_data,0.9348923946676708
26,brute,2,digits_data,0.9337800476153906
27,brute,2,digits_data,0.932665842522377
28,brute,2,digits_data,0.9315528761231856
29,brute,2,digits_data,0.9287701504517516
30,brute,2,digits_data,0.924317665508075
31,brute,2,digits_data,0.9237621113288459
32,brute,2,digits_data,0.9232053184557947
33,brute,2,digits_data,0.9220917327096922
34,brute,2,digits_data,0.9226479062358324
35,brute,2,digits_data,0.9215361785304632
36,brute,2,digits_data,0.9204225927843608
37,brute,2,digits_data,0.9170836935867867
38,brute,2,digits_data,0.9165269007137353
39,brute,2,digits_data,0.915969488493773
40,brute,2,digits_data,0.918751594818296
41,brute,2,digits_data,0.915969488493773
42,brute,2,digits_data,0.9148559027476706
43,brute,2,digits_data,0.915968249799951
44,brute,2,digits_data,0.9165262813668242
45,brute,2,digits_data,0.9154126956207218
46,brute,2,digits_data,0.9159701078406841
47,brute,2,digits_data,0.9143003485684416
48,brute,2,digits_data,0.9131873821692502
49,brute,2,digits_data,0.909848482971676
3,auto,3,digits_data,0.9682804674457429
4,auto,3,digits_data,0.9638286032276016
5,auto,3,digits_data,0.9627156371730662
6,auto,3,digits_data,0.9599332220367279
7,auto,3,digits_data,0.9593767390094602
8,auto,3,digits_data,0.9571508069003896
9,auto,3,digits_data,0.9565943238731219
10,auto,3,digits_data,0.9543683917640512
11,auto,3,digits_data,0.9543683917640511
12,auto,3,digits_data,0.9538119087367836
13,auto,3,digits_data,0.9510294936004451
14,auto,3,digits_data,0.9493600445186422
15,auto,3,digits_data,0.9471341124095716
16,auto,3,digits_data,0.9465776293823037
17,auto,3,digits_data,0.9454646633277685
18,auto,3,digits_data,0.9476905954368391
19,auto,3,digits_data,0.9454646633277685
20,auto,3,digits_data,0.941569282136895
21,auto,3,digits_data,0.941569282136895
22,auto,3,digits_data,0.9432387312186977
23,auto,3,digits_data,0.9404563160823596
24,auto,3,digits_data,0.941569282136895
25,auto,3,digits_data,0.9398998330550917
26,auto,3,digits_data,0.9376739009460211
27,auto,3,digits_data,0.9376739009460211
28,auto,3,digits_data,0.9365609348914857
29,auto,3,digits_data,0.9360044518642182
30,auto,3,digits_data,0.934891485809683
31,auto,3,digits_data,0.934891485809683
32,auto,3,digits_data,0.9343350027824151
33,auto,3,digits_data,0.9332220367278797
34,auto,3,digits_data,0.9321090706733445
35,auto,3,digits_data,0.9326655537006122
36,auto,3,digits_data,0.9304396215915416
37,auto,3,digits_data,0.9293266555370062
38,auto,3,digits_data,0.9304396215915416
39,auto,3,digits_data,0.928213689482471
40,auto,3,digits_data,0.928213689482471
41,auto,3,digits_data,0.9271007234279355
42,auto,3,digits_data,0.9265442404006677
43,auto,3,digits_data,0.9259877573734002
44,auto,3,digits_data,0.9243183082915971
45,auto,3,digits_data,0.9220923761825265
46,auto,3,digits_data,0.9237618252643295
47,auto,3,digits_data,0.9237618252643295
48,auto,3,digits_data,0.9243183082915971
49,auto,3,digits_data,0.9232053422370617
3,ball_tree,3,digits_data,0.9682804674457429
4,ball_tree,3,digits_data,0.9638286032276016
5,ball_tree,3,digits_data,0.9627156371730662
6,ball_tree,3,digits_data,0.9599332220367279
7,ball_tree,3,digits_data,0.9593767390094602
8,ball_tree,3,digits_data,0.9565943238731219
9,ball_tree,3,digits_data,0.9565943238731219
10,ball_tree,3,digits_data,0.9549248747913189
11,ball_tree,3,digits_data,0.9543683917640511
12,ball_tree,3,digits_data,0.9538119087367836
13,ball_tree,3,digits_data,0.9510294936004451
14,ball_tree,3,digits_data,0.9493600445186422
15,ball_tree,3,digits_data,0.9471341124095716
16,ball_tree,3,digits_data,0.9471341124095716
17,ball_tree,3,digits_data,0.9454646633277685
18,ball_tree,3,digits_data,0.9476905954368391
19,ball_tree,3,digits_data,0.9454646633277685
20,ball_tree,3,digits_data,0.9421257651641625
21,ball_tree,3,digits_data,0.9410127991096271
22,ball_tree,3,digits_data,0.9432387312186977
23,ball_tree,3,digits_data,0.9404563160823596
24,ball_tree,3,digits_data,0.9410127991096271
25,ball_tree,3,digits_data,0.9398998330550917
26,ball_tree,3,digits_data,0.9376739009460211
27,ball_tree,3,digits_data,0.938230383973289
28,ball_tree,3,digits_data,0.9365609348914857
29,ball_tree,3,digits_data,0.9360044518642182
30,ball_tree,3,digits_data,0.934891485809683
31,ball_tree,3,digits_data,0.934891485809683
32,ball_tree,3,digits_data,0.9343350027824151
33,ball_tree,3,digits_data,0.9332220367278797
34,ball_tree,3,digits_data,0.9321090706733445
35,ball_tree,3,digits_data,0.9326655537006122
36,ball_tree,3,digits_data,0.9304396215915416
37,ball_tree,3,digits_data,0.9293266555370062
38,ball_tree,3,digits_data,0.9304396215915416
39,ball_tree,3,digits_data,0.9287701725097385
40,ball_tree,3,digits_data,0.9276572064552031
41,ball_tree,3,digits_data,0.9271007234279355
42,ball_tree,3,digits_data,0.9265442404006677
43,ball_tree,3,digits_data,0.9259877573734002
44,ball_tree,3,digits_data,0.9243183082915971
45,ball_tree,3,digits_data,0.9220923761825265
46,ball_tree,3,digits_data,0.9237618252643295
47,ball_tree,3,digits_data,0.9237618252643295
48,ball_tree,3,digits_data,0.9232053422370617
49,ball_tree,3,digits_data,0.9237618252643295
3,kd_tree,3,digits_data,0.9682804674457429
4,kd_tree,3,digits_data,0.9638286032276016
5,kd_tree,3,digits_data,0.9627156371730662
6,kd_tree,3,digits_data,0.9599332220367279
7,kd_tree,3,digits_data,0.9593767390094602
8,kd_tree,3,digits_data,0.9571508069003896
9,kd_tree,3,digits_data,0.9565943238731219
10,kd_tree,3,digits_data,0.9549248747913189
11,kd_tree,3,digits_data,0.9543683917640511
12,kd_tree,3,digits_data,0.9538119087367836
13,kd_tree,3,digits_data,0.9510294936004451
14,kd_tree,3,digits_data,0.9493600445186422
15,kd_tree,3,digits_data,0.9471341124095716
16,kd_tree,3,digits_data,0.9471341124095716
17,kd_tree,3,digits_data,0.9454646633277685
18,kd_tree,3,digits_data,0.9476905954368391
19,kd_tree,3,digits_data,0.9454646633277685
20,kd_tree,3,digits_data,0.941569282136895
21,kd_tree,3,digits_data,0.9410127991096271
22,kd_tree,3,digits_data,0.9432387312186977
23,kd_tree,3,digits_data,0.9404563160823596
24,kd_tree,3,digits_data,0.9410127991096271
25,kd_tree,3,digits_data,0.9398998330550917
26,kd_tree,3,digits_data,0.9376739009460211
27,kd_tree,3,digits_data,0.938230383973289
28,kd_tree,3,digits_data,0.9365609348914857
29,kd_tree,3,digits_data,0.9360044518642182
30,kd_tree,3,digits_data,0.934891485809683
31,kd_tree,3,digits_data,0.934891485809683
32,kd_tree,3,digits_data,0.9337785197551476
33,kd_tree,3,digits_data,0.9332220367278797
34,kd_tree,3,digits_data,0.9321090706733445
35,kd_tree,3,digits_data,0.9332220367278797
36,kd_tree,3,digits_data,0.9304396215915416
37,kd_tree,3,digits_data,0.9293266555370062
38,kd_tree,3,digits_data,0.9304396215915416
39,kd_tree,3,digits_data,0.9287701725097385
40,kd_tree,3,digits_data,0.9276572064552031
41,kd_tree,3,digits_data,0.9265442404006677
42,kd_tree,3,digits_data,0.9265442404006677
43,kd_tree,3,digits_data,0.9259877573734002
44,kd_tree,3,digits_data,0.9243183082915971
45,kd_tree,3,digits_data,0.9220923761825265
46,kd_tree,3,digits_data,0.9237618252643295
47,kd_tree,3,digits_data,0.9237618252643295
48,kd_tree,3,digits_data,0.9232053422370617
49,kd_tree,3,digits_data,0.9232053422370617
3,brute,3,digits_data,0.9682804674457429
4,brute,3,digits_data,0.9638286032276016
5,brute,3,digits_data,0.9627156371730662
6,brute,3,digits_data,0.9599332220367279
7,brute,3,digits_data,0.9593767390094602
8,brute,3,digits_data,0.9571508069003896
9,brute,3,digits_data,0.9565943238731219
10,brute,3,digits_data,0.9543683917640512
11,brute,3,digits_data,0.9543683917640511
12,brute,3,digits_data,0.9538119087367836
13,brute,3,digits_data,0.9510294936004451
14,brute,3,digits_data,0.9493600445186422
15,brute,3,digits_data,0.9471341124095716
16,brute,3,digits_data,0.9465776293823037
17,brute,3,digits_data,0.9454646633277685
18,brute,3,digits_data,0.9476905954368391
19,brute,3,digits_data,0.9454646633277685
20,brute,3,digits_data,0.941569282136895
21,brute,3,digits_data,0.941569282136895
22,brute,3,digits_data,0.9432387312186977
23,brute,3,digits_data,0.9404563160823596
24,brute,3,digits_data,0.941569282136895
25,brute,3,digits_data,0.9398998330550917
26,brute,3,digits_data,0.9376739009460211
27,brute,3,digits_data,0.9376739009460211
28,brute,3,digits_data,0.9365609348914857
29,brute,3,digits_data,0.9360044518642182
30,brute,3,digits_data,0.934891485809683
31,brute,3,digits_data,0.934891485809683
32,brute,3,digits_data,0.9343350027824151
33,brute,3,digits_data,0.9332220367278797
34,brute,3,digits_data,0.9321090706733445
35,brute,3,digits_data,0.9326655537006122
36,brute,3,digits_data,0.9304396215915416
37,brute,3,digits_data,0.9293266555370062
38,brute,3,digits_data,0.9304396215915416
39,brute,3,digits_data,0.928213689482471
40,brute,3,digits_data,0.928213689482471
41,brute,3,digits_data,0.9271007234279355
42,brute,3,digits_data,0.9265442404006677
43,brute,3,digits_data,0.9259877573734002
44,brute,3,digits_data,0.9243183082915971
45,brute,3,digits_data,0.9220923761825265
46,brute,3,digits_data,0.9237618252643295
47,brute,3,digits_data,0.9237618252643295
48,brute,3,digits_data,0.9243183082915971
49,brute,3,digits_data,0.9232053422370617
3,auto,4,digits_data,0.9632764167285326
4,auto,4,digits_data,0.9643924771096264
5,auto,4,digits_data,0.9627233358079683
6,auto,4,digits_data,0.9604949269982678
7,auto,4,digits_data,0.9582714674585499
8,auto,4,digits_data,0.957713437268003
9,auto,4,digits_data,0.9566060381093788
10,auto,4,digits_data,0.9521516951249691
11,auto,4,digits_data,0.9521479831724821
12,auto,4,digits_data,0.9538195991091314
13,auto,4,digits_data,0.9510343974263796
14,auto,4,digits_data,0.9521492204899777
15,auto,4,digits_data,0.9504800791883197
16,auto,4,digits_data,0.9499257609502598
17,auto,4,digits_data,0.9499245236327643
18,auto,4,digits_data,0.947698589458055
19,auto,4,digits_data,0.9476973521405593
20,auto,4,digits_data,0.9460319227913883
21,auto,4,digits_data,0.9454763672358327
22,auto,4,digits_data,0.9432491957436279
23,auto,4,digits_data,0.9443627814897303
24,auto,4,digits_data,0.9443615441722346
25,auto,4,digits_data,0.942691165553081
26,auto,4,digits_data,0.9443615441722346
27,auto,4,digits_data,0.9426886909180896
28,auto,4,digits_data,0.941018312298936
29,auto,4,digits_data,0.9382343479336798
30,auto,4,digits_data,0.9399034892353378
31,auto,4,digits_data,0.9382343479336799
32,auto,4,digits_data,0.9376800296956199
33,auto,4,digits_data,0.9393466963622866
34,auto,4,digits_data,0.9360084137589706
35,auto,4,digits_data,0.937121999505073
36,auto,4,digits_data,0.9348935906953724
37,auto,4,digits_data,0.9365627319970304
38,auto,4,digits_data,0.9343343231873298
39,auto,4,digits_data,0.9343355605048256
40,auto,4,digits_data,0.9321096263301163
41,auto,4,digits_data,0.9298824548379114
42,auto,4,digits_data,0.9293268992823558
43,auto,4,digits_data,0.9276552833457065
44,auto,4,digits_data,0.9270984904726552
45,auto,4,digits_data,0.9270984904726552
46,auto,4,digits_data,0.9248725562979461
47,auto,4,digits_data,0.9254293491709973
48,auto,4,digits_data,0.9248725562979461
49,auto,4,digits_data,0.9254293491709973
3,ball_tree,4,digits_data,0.9632764167285326
4,ball_tree,4,digits_data,0.9643924771096264
5,ball_tree,4,digits_data,0.9621665429349171
6,ball_tree,4,digits_data,0.9604949269982678
7,ball_tree,4,digits_data,0.9582714674585499
8,ball_tree,4,digits_data,0.957713437268003
9,ball_tree,4,digits_data,0.9566060381093788
10,ball_tree,4,digits_data,0.9521516951249691
11,ball_tree,4,digits_data,0.9521479831724821
12,ball_tree,4,digits_data,0.9538195991091314
13,ball_tree,4,digits_data,0.9510343974263796
14,ball_tree,4,digits_data,0.9521492204899777
15,ball_tree,4,digits_data,0.9504800791883197
16,ball_tree,4,digits_data,0.9499257609502598
17,ball_tree,4,digits_data,0.9499245236327643
18,ball_tree,4,digits_data,0.947698589458055
19,ball_tree,4,digits_data,0.9476973521405593
20,ball_tree,4,digits_data,0.9460319227913883
21,ball_tree,4,digits_data,0.9454763672358327
22,ball_tree,4,digits_data,0.9432491957436279
23,ball_tree,4,digits_data,0.9443627814897303
24,ball_tree,4,digits_data,0.9443615441722346
25,ball_tree,4,digits_data,0.9432479584261322
26,ball_tree,4,digits_data,0.9443615441722346
27,ball_tree,4,digits_data,0.9426886909180896
28,ball_tree,4,digits_data,0.941018312298936
29,ball_tree,4,digits_data,0.9382343479336798
30,ball_tree,4,digits_data,0.9387911408067311
31,ball_tree,4,digits_data,0.9376787923781242
32,ball_tree,4,digits_data,0.9376800296956199
33,ball_tree,4,digits_data,0.9393466963622866
34,ball_tree,4,digits_data,0.9360084137589706
35,ball_tree,4,digits_data,0.937121999505073
36,ball_tree,4,digits_data,0.934338035139817
37,ball_tree,4,digits_data,0.9365627319970304
38,ball_tree,4,digits_data,0.9343343231873298
39,ball_tree,4,digits_data,0.9337787676317744
40,ball_tree,4,digits_data,0.9321096263301163
41,ball_tree,4,digits_data,0.9298824548379114
42,ball_tree,4,digits_data,0.9287701064093046
43,ball_tree,4,digits_data,0.9282120762187577
44,ball_tree,4,digits_data,0.9270984904726552
45,ball_tree,4,digits_data,0.9270984904726552
46,ball_tree,4,digits_data,0.9248725562979461
47,ball_tree,4,digits_data,0.9254293491709973
48,ball_tree,4,digits_data,0.9248725562979461
49,ball_tree,4,digits_data,0.9254293491709973
3,kd_tree,4,digits_data,0.9632764167285326
4,kd_tree,4,digits_data,0.9643924771096264
5,kd_tree,4,digits_data,0.9621665429349171
6,kd_tree,4,digits_data,0.9604949269982678
7,kd_tree,4,digits_data,0.9582714674585499
8,kd_tree,4,digits_data,0.957713437268003
9,kd_tree,4,digits_data,0.9566060381093788
10,kd_tree,4,digits_data,0.9521516951249691
11,kd_tree,4,digits_data,0.9521479831724821
12,kd_tree,4,digits_data,0.9538195991091314
13,kd_tree,4,digits_data,0.9510343974263796
14,kd_tree,4,digits_data,0.952706013363029
15,kd_tree,4,digits_data,0.9510356347438753
16,kd_tree,4,digits_data,0.9499257609502598
17,kd_tree,4,digits_data,0.9499245236327643
18,kd_tree,4,digits_data,0.947698589458055
19,kd_tree,4,digits_data,0.9476973521405593
20,kd_tree,4,digits_data,0.9460319227913883
21,kd_tree,4,digits_data,0.9454763672358327
22,kd_tree,4,digits_data,0.9432491957436279
23,kd_tree,4,digits_data,0.9438059886166791
24,kd_tree,4,digits_data,0.9443615441722346
25,kd_tree,4,digits_data,0.942691165553081
26,kd_tree,4,digits_data,0.9443615441722346
27,kd_tree,4,digits_data,0.9426886909180896
28,kd_tree,4,digits_data,0.941018312298936
29,kd_tree,4,digits_data,0.9382343479336798
30,kd_tree,4,digits_data,0.9399034892353378
31,kd_tree,4,digits_data,0.9382343479336799
32,kd_tree,4,digits_data,0.9376800296956199
33,kd_tree,4,digits_data,0.9404602821083891
34,kd_tree,4,digits_data,0.9360084137589706
35,kd_tree,4,digits_data,0.937121999505073
36,kd_tree,4,digits_data,0.934338035139817
37,kd_tree,4,digits_data,0.9365627319970304
38,kd_tree,4,digits_data,0.9343343231873298
39,kd_tree,4,digits_data,0.9337787676317744
40,kd_tree,4,digits_data,0.9321096263301163
41,kd_tree,4,digits_data,0.9298824548379114
42,kd_tree,4,digits_data,0.9287701064093046
43,kd_tree,4,digits_data,0.9270984904726552
44,kd_tree,4,digits_data,0.9270984904726552
45,kd_tree,4,digits_data,0.9270984904726552
46,kd_tree,4,digits_data,0.9248725562979461
47,kd_tree,4,digits_data,0.9248725562979461
48,kd_tree,4,digits_data,0.9248725562979461
49,kd_tree,4,digits_data,0.9254293491709973
3,brute,4,digits_data,0.9632764167285326
4,brute,4,digits_data,0.9643924771096264
5,brute,4,digits_data,0.9627233358079683
6,brute,4,digits_data,0.9604949269982678
7,brute,4,digits_data,0.9582714674585499
8,brute,4,digits_data,0.957713437268003
9,brute,4,digits_data,0.9566060381093788
10,brute,4,digits_data,0.9521516951249691
11,brute,4,digits_data,0.9521479831724821
12,brute,4,digits_data,0.9538195991091314
13,brute,4,digits_data,0.9510343974263796
14,brute,4,digits_data,0.9521492204899777
15,brute,4,digits_data,0.9504800791883197
16,brute,4,digits_data,0.9499257609502598
17,brute,4,digits_data,0.9499245236327643
18,brute,4,digits_data,0.947698589458055
19,brute,4,digits_data,0.9476973521405593
20,brute,4,digits_data,0.9460319227913883
21,brute,4,digits_data,0.9454763672358327
22,brute,4,digits_data,0.9432491957436279
23,brute,4,digits_data,0.9443627814897303
24,brute,4,digits_data,0.9443615441722346
25,brute,4,digits_data,0.942691165553081
26,brute,4,digits_data,0.9443615441722346
27,brute,4,digits_data,0.9426886909180896
28,brute,4,digits_data,0.941018312298936
29,brute,4,digits_data,0.9382343479336798
30,brute,4,digits_data,0.9399034892353378
31,brute,4,digits_data,0.9382343479336799
32,brute,4,digits_data,0.9376800296956199
33,brute,4,digits_data,0.9393466963622866
34,brute,4,digits_data,0.9360084137589706
35,brute,4,digits_data,0.937121999505073
36,brute,4,digits_data,0.9348935906953724
37,brute,4,digits_data,0.9365627319970304
38,brute,4,digits_data,0.9343343231873298
39,brute,4,digits_data,0.9343355605048256
40,brute,4,digits_data,0.9321096263301163
41,brute,4,digits_data,0.9298824548379114
42,brute,4,digits_data,0.9293268992823558
43,brute,4,digits_data,0.9276552833457065
44,brute,4,digits_data,0.9270984904726552
45,brute,4,digits_data,0.9270984904726552
46,brute,4,digits_data,0.9248725562979461
47,brute,4,digits_data,0.9254293491709973
48,brute,4,digits_data,0.9248725562979461
49,brute,4,digits_data,0.9254293491709973
3,auto,5,digits_data,0.966621788919839
4,auto,5,digits_data,0.9638409161250386
5,auto,5,digits_data,0.9627282575054161
6,auto,5,digits_data,0.9593856391210152
7,auto,5,digits_data,0.9599458372021046
8,auto,5,digits_data,0.9582760755184154
9,auto,5,digits_data,0.9566109563602601
10,auto,5,digits_data,0.954942742185082
11,auto,5,digits_data,0.9554982977406375
12,auto,5,digits_data,0.9560523057876817
13,auto,5,digits_data,0.9554967502321263
14,auto,5,digits_data,0.9560507582791706
15,auto,5,digits_data,0.9543825441039926
16,auto,5,digits_data,0.9543840916125038
17,auto,5,digits_data,0.9532667904673475
18,auto,5,digits_data,0.9493748065614362
19,auto,5,digits_data,0.950484370164036
20,auto,5,digits_data,0.9493732590529248
21,auto,5,digits_data,0.9488192510058806
22,auto,5,digits_data,0.9493763540699474
23,auto,5,digits_data,0.948263695450325
24,auto,5,digits_data,0.9488238935314145
25,auto,5,digits_data,0.9460383782110803
26,auto,5,digits_data,0.9454828226555246
27,auto,5,digits_data,0.9438099659548127
28,auto,5,digits_data,0.9432497678737233
29,auto,5,digits_data,0.9410275456515012
30,auto,5,digits_data,0.9410244506344785
31,auto,5,digits_data,0.9404658000619005
32,auto,5,digits_data,0.9410213556174559
33,auto,5,digits_data,0.9404642525533891
34,auto,5,digits_data,0.9387929433611886
35,auto,5,digits_data,0.9365722686474776
36,auto,5,digits_data,0.9343454038997215
37,auto,5,digits_data,0.9343438563912102
38,auto,5,digits_data,0.9326740947075208
39,auto,5,digits_data,0.9315598885793872
40,auto,5,digits_data,0.9321169916434542
41,auto,5,digits_data,0.9298932219127206
42,auto,5,digits_data,0.9304503249767875
43,auto,5,digits_data,0.929337666357165
44,auto,5,digits_data,0.9298932219127206
45,auto,5,digits_data,0.9310043330238317
46,auto,5,digits_data,0.9310043330238317
47,auto,5,digits_data,0.9282203652120087
48,auto,5,digits_data,0.9287774682760755
49,auto,5,digits_data,0.9271092541008976
3,ball_tree,5,digits_data,0.966621788919839
4,ball_tree,5,digits_data,0.9638409161250386
5,ball_tree,5,digits_data,0.9627282575054161
6,ball_tree,5,digits_data,0.9593856391210152
7,ball_tree,5,digits_data,0.9599458372021046
8,ball_tree,5,digits_data,0.9577205199628598
9,ball_tree,5,digits_data,0.9566109563602601
10,ball_tree,5,digits_data,0.954942742185082
11,ball_tree,5,digits_data,0.9554982977406375
12,ball_tree,5,digits_data,0.9560523057876817
13,ball_tree,5,digits_data,0.9554967502321263
14,ball_tree,5,digits_data,0.9560507582791706
15,ball_tree,5,digits_data,0.9543825441039926
16,ball_tree,5,digits_data,0.9543840916125038
17,ball_tree,5,digits_data,0.9532667904673475
18,ball_tree,5,digits_data,0.9493748065614362
19,ball_tree,5,digits_data,0.950484370164036
20,ball_tree,5,digits_data,0.9504859176725471
21,ball_tree,5,digits_data,0.9488192510058806
22,ball_tree,5,digits_data,0.9493763540699474
23,ball_tree,5,digits_data,0.948263695450325
24,ball_tree,5,digits_data,0.9488238935314145
25,ball_tree,5,digits_data,0.9460383782110803
26,ball_tree,5,digits_data,0.9454828226555246
27,ball_tree,5,digits_data,0.9438099659548127
28,ball_tree,5,digits_data,0.9432497678737233
29,ball_tree,5,digits_data,0.9410275456515012
30,ball_tree,5,digits_data,0.9415815536985453
31,ball_tree,5,digits_data,0.9404658000619005
32,ball_tree,5,digits_data,0.9410229031259671
33,ball_tree,5,digits_data,0.9404642525533891
34,ball_tree,5,digits_data,0.9387929433611886
35,ball_tree,5,digits_data,0.9371278242030332
36,ball_tree,5,digits_data,0.9343454038997215
37,ball_tree,5,digits_data,0.9354565150108327
38,ball_tree,5,digits_data,0.9337867533271433
39,ball_tree,5,digits_data,0.9315614360878985
40,ball_tree,5,digits_data,0.9321169916434542
41,ball_tree,5,digits_data,0.9298932219127206
42,ball_tree,5,digits_data,0.9304503249767875
43,ball_tree,5,digits_data,0.9298932219127206
44,ball_tree,5,digits_data,0.9310043330238317
45,ball_tree,5,digits_data,0.9310043330238317
46,ball_tree,5,digits_data,0.9310043330238317
47,ball_tree,5,digits_data,0.9282203652120087
48,ball_tree,5,digits_data,0.9287774682760755
49,ball_tree,5,digits_data,0.9271092541008976
3,kd_tree,5,digits_data,0.9660646858557721
4,kd_tree,5,digits_data,0.9638409161250386
5,kd_tree,5,digits_data,0.9627282575054161
6,kd_tree,5,digits_data,0.9593856391210152
7,kd_tree,5,digits_data,0.9599458372021046
8,kd_tree,5,digits_data,0.9582760755184154
9,kd_tree,5,digits_data,0.9566109563602601
10,kd_tree,5,digits_data,0.954942742185082
11,kd_tree,5,digits_data,0.9554982977406375
12,kd_tree,5,digits_data,0.9560523057876817
13,kd_tree,5,digits_data,0.9554967502321263
14,kd_tree,5,digits_data,0.9560507582791706
15,kd_tree,5,digits_data,0.9549380996595481
16,kd_tree,5,digits_data,0.9543840916125038
17,kd_tree,5,digits_data,0.9538223460229032
18,kd_tree,5,digits_data,0.9493748065614362
19,kd_tree,5,digits_data,0.950484370164036
20,kd_tree,5,digits_data,0.9504859176725471
21,kd_tree,5,digits_data,0.9488192510058806
22,kd_tree,5,digits_data,0.9493763540699474
23,kd_tree,5,digits_data,0.9477081398947694
24,kd_tree,5,digits_data,0.9488238935314145
25,kd_tree,5,digits_data,0.9454812751470133
26,kd_tree,5,digits_data,0.9454828226555246
27,kd_tree,5,digits_data,0.9438099659548127
28,kd_tree,5,digits_data,0.9432497678737233
29,kd_tree,5,digits_data,0.9410275456515012
30,kd_tree,5,digits_data,0.9410244506344785
31,kd_tree,5,digits_data,0.9404658000619005
32,kd_tree,5,digits_data,0.9404658000619005
33,kd_tree,5,digits_data,0.9404642525533891
34,kd_tree,5,digits_data,0.9393500464252554
35,kd_tree,5,digits_data,0.9365722686474776
36,kd_tree,5,digits_data,0.9343454038997215
37,kd_tree,5,digits_data,0.9348994119467658
38,kd_tree,5,digits_data,0.9332311977715877
39,kd_tree,5,digits_data,0.9310043330238317
40,kd_tree,5,digits_data,0.9321169916434542
41,kd_tree,5,digits_data,0.9293361188486537
42,kd_tree,5,digits_data,0.9304503249767875
43,kd_tree,5,digits_data,0.929337666357165
44,kd_tree,5,digits_data,0.9298916744042092
45,kd_tree,5,digits_data,0.9310043330238317
46,kd_tree,5,digits_data,0.9310043330238317
47,kd_tree,5,digits_data,0.9282203652120087
48,kd_tree,5,digits_data,0.9287774682760755
49,kd_tree,5,digits_data,0.9271092541008976
3,brute,5,digits_data,0.966621788919839
4,brute,5,digits_data,0.9638409161250386
5,brute,5,digits_data,0.9627282575054161
6,brute,5,digits_data,0.9593856391210152
7,brute,5,digits_data,0.9599458372021046
8,brute,5,digits_data,0.9582760755184154
9,brute,5,digits_data,0.9566109563602601
10,brute,5,digits_data,0.954942742185082
11,brute,5,digits_data,0.9554982977406375
12,brute,5,digits_data,0.9560523057876817
13,brute,5,digits_data,0.9554967502321263
14,brute,5,digits_data,0.9560507582791706
15,brute,5,digits_data,0.9543825441039926
16,brute,5,digits_data,0.9543840916125038
17,brute,5,digits_data,0.9532667904673475
18,brute,5,digits_data,0.9493748065614362
19,brute,5,digits_data,0.950484370164036
20,brute,5,digits_data,0.9493732590529248
21,brute,5,digits_data,0.9488192510058806
22,brute,5,digits_data,0.9493763540699474
23,brute,5,digits_data,0.948263695450325
24,brute,5,digits_data,0.9488238935314145
25,brute,5,digits_data,0.9460383782110803
26,brute,5,digits_data,0.9454828226555246
27,brute,5,digits_data,0.9438099659548127
28,brute,5,digits_data,0.9432497678737233
29,brute,5,digits_data,0.9410275456515012
30,brute,5,digits_data,0.9410244506344785
31,brute,5,digits_data,0.9404658000619005
32,brute,5,digits_data,0.9410213556174559
33,brute,5,digits_data,0.9404642525533891
34,brute,5,digits_data,0.9387929433611886
35,brute,5,digits_data,0.9365722686474776
36,brute,5,digits_data,0.9343454038997215
37,brute,5,digits_data,0.9343438563912102
38,brute,5,digits_data,0.9326740947075208
39,brute,5,digits_data,0.9315598885793872
40,brute,5,digits_data,0.9321169916434542
41,brute,5,digits_data,0.9298932219127206
42,brute,5,digits_data,0.9304503249767875
43,brute,5,digits_data,0.929337666357165
44,brute,5,digits_data,0.9298932219127206
45,brute,5,digits_data,0.9310043330238317
46,brute,5,digits_data,0.9310043330238317
47,brute,5,digits_data,0.9282203652120087
48,brute,5,digits_data,0.9287774682760755
49,brute,5,digits_data,0.9271092541008976
3,auto,2,wine_data,0.646067415730337
4,auto,2,wine_data,0.6741573033707865
5,auto,2,wine_data,0.6629213483146067
6,auto,2,wine_data,0.6685393258426966
7,auto,2,wine_data,0.6741573033707866
8,auto,2,wine_data,0.6460674157303371
9,auto,2,wine_data,0.646067415730337
10,auto,2,wine_data,0.6685393258426966
11,auto,2,wine_data,0.6741573033707865
12,auto,2,wine_data,0.6685393258426966
13,auto,2,wine_data,0.651685393258427
14,auto,2,wine_data,0.6629213483146068
15,auto,2,wine_data,0.6741573033707866
16,auto,2,wine_data,0.6797752808988764
17,auto,2,wine_data,0.6910112359550562
18,auto,2,wine_data,0.6685393258426966
19,auto,2,wine_data,0.6797752808988764
20,auto,2,wine_data,0.6629213483146068
21,auto,2,wine_data,0.6797752808988764
22,auto,2,wine_data,0.6741573033707866
23,auto,2,wine_data,0.6797752808988764
24,auto,2,wine_data,0.6853932584269662
25,auto,2,wine_data,0.6910112359550562
26,auto,2,wine_data,0.6853932584269663
27,auto,2,wine_data,0.6853932584269662
28,auto,2,wine_data,0.6853932584269663
29,auto,2,wine_data,0.696629213483146
30,auto,2,wine_data,0.6910112359550562
31,auto,2,wine_data,0.702247191011236
32,auto,2,wine_data,0.7078651685393258
33,auto,2,wine_data,0.7078651685393258
34,auto,2,wine_data,0.7134831460674157
35,auto,2,wine_data,0.702247191011236
36,auto,2,wine_data,0.7078651685393258
37,auto,2,wine_data,0.702247191011236
38,auto,2,wine_data,0.7078651685393258
39,auto,2,wine_data,0.7078651685393258
40,auto,2,wine_data,0.7078651685393258
41,auto,2,wine_data,0.6966292134831461
42,auto,2,wine_data,0.7303370786516854
43,auto,2,wine_data,0.7247191011235955
44,auto,2,wine_data,0.702247191011236
45,auto,2,wine_data,0.7078651685393258
46,auto,2,wine_data,0.7078651685393258
47,auto,2,wine_data,0.702247191011236
48,auto,2,wine_data,0.696629213483146
49,auto,2,wine_data,0.6910112359550562
3,ball_tree,2,wine_data,0.646067415730337
4,ball_tree,2,wine_data,0.6741573033707865
5,ball_tree,2,wine_data,0.6629213483146067
6,ball_tree,2,wine_data,0.6685393258426966
7,ball_tree,2,wine_data,0.6741573033707866
8,ball_tree,2,wine_data,0.6460674157303371
9,ball_tree,2,wine_data,0.646067415730337
10,ball_tree,2,wine_data,0.6685393258426966
11,ball_tree,2,wine_data,0.6741573033707865
12,ball_tree,2,wine_data,0.6685393258426966
13,ball_tree,2,wine_data,0.651685393258427
14,ball_tree,2,wine_data,0.6629213483146068
15,ball_tree,2,wine_data,0.6741573033707866
16,ball_tree,2,wine_data,0.6797752808988764
17,ball_tree,2,wine_data,0.6910112359550562
18,ball_tree,2,wine_data,0.6685393258426966
19,ball_tree,2,wine_data,0.6797752808988764
20,ball_tree,2,wine_data,0.6629213483146068
21,ball_tree,2,wine_data,0.6797752808988764
22,ball_tree,2,wine_data,0.6741573033707866
23,ball_tree,2,wine_data,0.6797752808988764
24,ball_tree,2,wine_data,0.6853932584269662
25,ball_tree,2,wine_data,0.6910112359550562
26,ball_tree,2,wine_data,0.6853932584269663
27,ball_tree,2,wine_data,0.6853932584269662
28,ball_tree,2,wine_data,0.6853932584269663
29,ball_tree,2,wine_data,0.696629213483146
30,ball_tree,2,wine_data,0.6910112359550562
31,ball_tree,2,wine_data,0.702247191011236
32,ball_tree,2,wine_data,0.7078651685393258
33,ball_tree,2,wine_data,0.7078651685393258
34,ball_tree,2,wine_data,0.7134831460674157
35,ball_tree,2,wine_data,0.702247191011236
36,ball_tree,2,wine_data,0.7078651685393258
37,ball_tree,2,wine_data,0.702247191011236
38,ball_tree,2,wine_data,0.7078651685393258
39,ball_tree,2,wine_data,0.7078651685393258
40,ball_tree,2,wine_data,0.7078651685393258
41,ball_tree,2,wine_data,0.6966292134831461
42,ball_tree,2,wine_data,0.7303370786516854
43,ball_tree,2,wine_data,0.7247191011235955
44,ball_tree,2,wine_data,0.702247191011236
45,ball_tree,2,wine_data,0.7078651685393258
46,ball_tree,2,wine_data,0.7078651685393258
47,ball_tree,2,wine_data,0.702247191011236
48,ball_tree,2,wine_data,0.696629213483146
49,ball_tree,2,wine_data,0.6910112359550562
3,kd_tree,2,wine_data,0.646067415730337
4,kd_tree,2,wine_data,0.6741573033707865
5,kd_tree,2,wine_data,0.6629213483146067
6,kd_tree,2,wine_data,0.6685393258426966
7,kd_tree,2,wine_data,0.6741573033707866
8,kd_tree,2,wine_data,0.6460674157303371
9,kd_tree,2,wine_data,0.646067415730337
10,kd_tree,2,wine_data,0.6685393258426966
11,kd_tree,2,wine_data,0.6741573033707865
12,kd_tree,2,wine_data,0.6685393258426966
13,kd_tree,2,wine_data,0.651685393258427
14,kd_tree,2,wine_data,0.6629213483146068
15,kd_tree,2,wine_data,0.6741573033707866
16,kd_tree,2,wine_data,0.6797752808988764
17,kd_tree,2,wine_data,0.6910112359550562
18,kd_tree,2,wine_data,0.6685393258426966
19,kd_tree,2,wine_data,0.6797752808988764
20,kd_tree,2,wine_data,0.6629213483146068
21,kd_tree,2,wine_data,0.6797752808988764
22,kd_tree,2,wine_data,0.6741573033707866
23,kd_tree,2,wine_data,0.6797752808988764
24,kd_tree,2,wine_data,0.6853932584269662
25,kd_tree,2,wine_data,0.6910112359550562
26,kd_tree,2,wine_data,0.6853932584269663
27,kd_tree,2,wine_data,0.6853932584269662
28,kd_tree,2,wine_data,0.6853932584269663
29,kd_tree,2,wine_data,0.696629213483146
30,kd_tree,2,wine_data,0.6910112359550562
31,kd_tree,2,wine_data,0.702247191011236
32,kd_tree,2,wine_data,0.7078651685393258
33,kd_tree,2,wine_data,0.7078651685393258
34,kd_tree,2,wine_data,0.7134831460674157
35,kd_tree,2,wine_data,0.702247191011236
36,kd_tree,2,wine_data,0.7078651685393258
37,kd_tree,2,wine_data,0.702247191011236
38,kd_tree,2,wine_data,0.7078651685393258
39,kd_tree,2,wine_data,0.7078651685393258
40,kd_tree,2,wine_data,0.7078651685393258
41,kd_tree,2,wine_data,0.6966292134831461
42,kd_tree,2,wine_data,0.7303370786516854
43,kd_tree,2,wine_data,0.7247191011235955
44,kd_tree,2,wine_data,0.702247191011236
45,kd_tree,2,wine_data,0.7078651685393258
46,kd_tree,2,wine_data,0.7078651685393258
47,kd_tree,2,wine_data,0.702247191011236
48,kd_tree,2,wine_data,0.696629213483146
49,kd_tree,2,wine_data,0.6910112359550562
3,brute,2,wine_data,0.646067415730337
4,brute,2,wine_data,0.6741573033707865
5,brute,2,wine_data,0.6629213483146067
6,brute,2,wine_data,0.6685393258426966
7,brute,2,wine_data,0.6741573033707866
8,brute,2,wine_data,0.6460674157303371
9,brute,2,wine_data,0.646067415730337
10,brute,2,wine_data,0.6685393258426966
11,brute,2,wine_data,0.6741573033707865
12,brute,2,wine_data,0.6685393258426966
13,brute,2,wine_data,0.651685393258427
14,brute,2,wine_data,0.6629213483146068
15,brute,2,wine_data,0.6741573033707866
16,brute,2,wine_data,0.6797752808988764
17,brute,2,wine_data,0.6910112359550562
18,brute,2,wine_data,0.6685393258426966
19,brute,2,wine_data,0.6797752808988764
20,brute,2,wine_data,0.6629213483146068
21,brute,2,wine_data,0.6797752808988764
22,brute,2,wine_data,0.6741573033707866
23,brute,2,wine_data,0.6797752808988764
24,brute,2,wine_data,0.6853932584269662
25,brute,2,wine_data,0.6910112359550562
26,brute,2,wine_data,0.6853932584269663
27,brute,2,wine_data,0.6853932584269662
28,brute,2,wine_data,0.6853932584269663
29,brute,2,wine_data,0.696629213483146
30,brute,2,wine_data,0.6910112359550562
31,brute,2,wine_data,0.702247191011236
32,brute,2,wine_data,0.7078651685393258
33,brute,2,wine_data,0.7078651685393258
34,brute,2,wine_data,0.7134831460674157
35,brute,2,wine_data,0.702247191011236
36,brute,2,wine_data,0.7078651685393258
37,brute,2,wine_data,0.702247191011236
38,brute,2,wine_data,0.7078651685393258
39,brute,2,wine_data,0.7078651685393258
40,brute,2,wine_data,0.7078651685393258
41,brute,2,wine_data,0.6966292134831461
42,brute,2,wine_data,0.7303370786516854
43,brute,2,wine_data,0.7247191011235955
44,brute,2,wine_data,0.702247191011236
45,brute,2,wine_data,0.7078651685393258
46,brute,2,wine_data,0.7078651685393258
47,brute,2,wine_data,0.702247191011236
48,brute,2,wine_data,0.696629213483146
49,brute,2,wine_data,0.6910112359550562
3,auto,3,wine_data,0.6631826741996233
4,auto,3,wine_data,0.6405838041431262
5,auto,3,wine_data,0.6631826741996234
6,auto,3,wine_data,0.6576271186440678
7,auto,3,wine_data,0.6574387947269303
8,auto,3,wine_data,0.6573446327683615
9,auto,3,wine_data,0.6741996233521657
10,auto,3,wine_data,0.6518832391713748
11,auto,3,wine_data,0.6688323917137476
12,auto,3,wine_data,0.6519774011299435
13,auto,3,wine_data,0.6631826741996233
14,auto,3,wine_data,0.6631826741996233
15,auto,3,wine_data,0.6631826741996233
16,auto,3,wine_data,0.657532956685499
17,auto,3,wine_data,0.6686440677966101
18,auto,3,wine_data,0.6688323917137478
19,auto,3,wine_data,0.6797551789077212
20,auto,3,wine_data,0.6630885122410546
21,auto,3,wine_data,0.6685499058380414
22,auto,3,wine_data,0.6686440677966101
23,auto,3,wine_data,0.6854048964218454
24,auto,3,wine_data,0.6798493408662899
25,auto,3,wine_data,0.6685499058380414
26,auto,3,wine_data,0.6799435028248588
27,auto,3,wine_data,0.6741996233521657
28,auto,3,wine_data,0.6799435028248588
29,auto,3,wine_data,0.6854990583804144
30,auto,3,wine_data,0.6854990583804144
31,auto,3,wine_data,0.6741996233521657
32,auto,3,wine_data,0.6911487758945386
33,auto,3,wine_data,0.6854990583804144
34,auto,3,wine_data,0.6911487758945386
35,auto,3,wine_data,0.6854048964218457
36,auto,3,wine_data,0.6798493408662901
37,auto,3,wine_data,0.6797551789077212
38,auto,3,wine_data,0.6911487758945386
39,auto,3,wine_data,0.6911487758945386
40,auto,3,wine_data,0.6855932203389831
41,auto,3,wine_data,0.6857815442561206
42,auto,3,wine_data,0.6913370998116761
43,auto,3,wine_data,0.6856873822975519
44,auto,3,wine_data,0.7080979284369114
45,auto,3,wine_data,0.6914312617702448
46,auto,3,wine_data,0.7080037664783427
47,auto,3,wine_data,0.6968926553672317
48,auto,3,wine_data,0.7080979284369114
49,auto,3,wine_data,0.7026365348399247
3,ball_tree,3,wine_data,0.6631826741996233
4,ball_tree,3,wine_data,0.6405838041431262
5,ball_tree,3,wine_data,0.6631826741996234
6,ball_tree,3,wine_data,0.6576271186440678
7,ball_tree,3,wine_data,0.6574387947269303
8,ball_tree,3,wine_data,0.6573446327683615
9,ball_tree,3,wine_data,0.6741996233521657
10,ball_tree,3,wine_data,0.6518832391713748
11,ball_tree,3,wine_data,0.6688323917137476
12,ball_tree,3,wine_data,0.6519774011299435
13,ball_tree,3,wine_data,0.6631826741996233
14,ball_tree,3,wine_data,0.6631826741996233
15,ball_tree,3,wine_data,0.6631826741996233
16,ball_tree,3,wine_data,0.657532956685499
17,ball_tree,3,wine_data,0.6686440677966101
18,ball_tree,3,wine_data,0.6688323917137478
19,ball_tree,3,wine_data,0.6797551789077212
20,ball_tree,3,wine_data,0.6630885122410546
21,ball_tree,3,wine_data,0.6685499058380414
22,ball_tree,3,wine_data,0.6686440677966101
23,ball_tree,3,wine_data,0.6854048964218454
24,ball_tree,3,wine_data,0.6798493408662899
25,ball_tree,3,wine_data,0.6685499058380414
26,ball_tree,3,wine_data,0.6799435028248588
27,ball_tree,3,wine_data,0.6741996233521657
28,ball_tree,3,wine_data,0.6799435028248588
29,ball_tree,3,wine_data,0.6854990583804144
30,ball_tree,3,wine_data,0.6854990583804144
31,ball_tree,3,wine_data,0.6741996233521657
32,ball_tree,3,wine_data,0.6911487758945386
33,ball_tree,3,wine_data,0.6854990583804144
34,ball_tree,3,wine_data,0.6911487758945386
35,ball_tree,3,wine_data,0.6854048964218457
36,ball_tree,3,wine_data,0.6798493408662901
37,ball_tree,3,wine_data,0.6797551789077212
38,ball_tree,3,wine_data,0.6911487758945386
39,ball_tree,3,wine_data,0.6911487758945386
40,ball_tree,3,wine_data,0.6855932203389831
41,ball_tree,3,wine_data,0.6857815442561206
42,ball_tree,3,wine_data,0.6913370998116761
43,ball_tree,3,wine_data,0.6856873822975519
44,ball_tree,3,wine_data,0.7080979284369114
45,ball_tree,3,wine_data,0.6914312617702448
46,ball_tree,3,wine_data,0.7080037664783427
47,ball_tree,3,wine_data,0.6968926553672317
48,ball_tree,3,wine_data,0.7080979284369114
49,ball_tree,3,wine_data,0.7026365348399247
3,kd_tree,3,wine_data,0.6631826741996233
4,kd_tree,3,wine_data,0.6405838041431262
5,kd_tree,3,wine_data,0.6631826741996234
6,kd_tree,3,wine_data,0.6576271186440678
7,kd_tree,3,wine_data,0.6574387947269303
8,kd_tree,3,wine_data,0.6573446327683615
9,kd_tree,3,wine_data,0.6741996233521657
10,kd_tree,3,wine_data,0.6518832391713748
11,kd_tree,3,wine_data,0.6688323917137476
12,kd_tree,3,wine_data,0.6519774011299435
13,kd_tree,3,wine_data,0.6631826741996233
14,kd_tree,3,wine_data,0.6631826741996233
15,kd_tree,3,wine_data,0.6631826741996233
16,kd_tree,3,wine_data,0.657532956685499
17,kd_tree,3,wine_data,0.6686440677966101
18,kd_tree,3,wine_data,0.6688323917137478
19,kd_tree,3,wine_data,0.6797551789077212
20,kd_tree,3,wine_data,0.6630885122410546
21,kd_tree,3,wine_data,0.6685499058380414
22,kd_tree,3,wine_data,0.6686440677966101
23,kd_tree,3,wine_data,0.6854048964218454
24,kd_tree,3,wine_data,0.6798493408662899
25,kd_tree,3,wine_data,0.6685499058380414
26,kd_tree,3,wine_data,0.6799435028248588
27,kd_tree,3,wine_data,0.6741996233521657
28,kd_tree,3,wine_data,0.6799435028248588
29,kd_tree,3,wine_data,0.6854990583804144
30,kd_tree,3,wine_data,0.6854990583804144
31,kd_tree,3,wine_data,0.6741996233521657
32,kd_tree,3,wine_data,0.6911487758945386
33,kd_tree,3,wine_data,0.6854990583804144
34,kd_tree,3,wine_data,0.6911487758945386
35,kd_tree,3,wine_data,0.6854048964218457
36,kd_tree,3,wine_data,0.6798493408662901
37,kd_tree,3,wine_data,0.6797551789077212
38,kd_tree,3,wine_data,0.6911487758945386
39,kd_tree,3,wine_data,0.6911487758945386
40,kd_tree,3,wine_data,0.6855932203389831
41,kd_tree,3,wine_data,0.6857815442561206
42,kd_tree,3,wine_data,0.6913370998116761
43,kd_tree,3,wine_data,0.6856873822975519
44,kd_tree,3,wine_data,0.7080979284369114
45,kd_tree,3,wine_data,0.6914312617702448
46,kd_tree,3,wine_data,0.7080037664783427
47,kd_tree,3,wine_data,0.6968926553672317
48,kd_tree,3,wine_data,0.7080979284369114
49,kd_tree,3,wine_data,0.7026365348399247
3,brute,3,wine_data,0.6631826741996233
4,brute,3,wine_data,0.6405838041431262
5,brute,3,wine_data,0.6631826741996234
6,brute,3,wine_data,0.6576271186440678
7,brute,3,wine_data,0.6574387947269303
8,brute,3,wine_data,0.6573446327683615
9,brute,3,wine_data,0.6741996233521657
10,brute,3,wine_data,0.6518832391713748
11,brute,3,wine_data,0.6688323917137476
12,brute,3,wine_data,0.6519774011299435
13,brute,3,wine_data,0.6631826741996233
14,brute,3,wine_data,0.6631826741996233
15,brute,3,wine_data,0.6631826741996233
16,brute,3,wine_data,0.657532956685499
17,brute,3,wine_data,0.6686440677966101
18,brute,3,wine_data,0.6688323917137478
19,brute,3,wine_data,0.6797551789077212
20,brute,3,wine_data,0.6630885122410546
21,brute,3,wine_data,0.6685499058380414
22,brute,3,wine_data,0.6686440677966101
23,brute,3,wine_data,0.6854048964218454
24,brute,3,wine_data,0.6798493408662899
25,brute,3,wine_data,0.6685499058380414
26,brute,3,wine_data,0.6799435028248588
27,brute,3,wine_data,0.6741996233521657
28,brute,3,wine_data,0.6799435028248588
29,brute,3,wine_data,0.6854990583804144
30,brute,3,wine_data,0.6854990583804144
31,brute,3,wine_data,0.6741996233521657
32,brute,3,wine_data,0.6911487758945386
33,brute,3,wine_data,0.6854990583804144
34,brute,3,wine_data,0.6911487758945386
35,brute,3,wine_data,0.6854048964218457
36,brute,3,wine_data,0.6798493408662901
37,brute,3,wine_data,0.6797551789077212
38,brute,3,wine_data,0.6911487758945386
39,brute,3,wine_data,0.6911487758945386
40,brute,3,wine_data,0.6855932203389831
41,brute,3,wine_data,0.6857815442561206
42,brute,3,wine_data,0.6913370998116761
43,brute,3,wine_data,0.6856873822975519
44,brute,3,wine_data,0.7080979284369114
45,brute,3,wine_data,0.6914312617702448
46,brute,3,wine_data,0.7080037664783427
47,brute,3,wine_data,0.6968926553672317
48,brute,3,wine_data,0.7080979284369114
49,brute,3,wine_data,0.7026365348399247
3,auto,4,wine_data,0.6744949494949495
4,auto,4,wine_data,0.662878787878788
5,auto,4,wine_data,0.6856060606060606
6,auto,4,wine_data,0.680429292929293
7,auto,4,wine_data,0.6797979797979798
8,auto,4,wine_data,0.6853535353535354
9,auto,4,wine_data,0.6516414141414142
10,auto,4,wine_data,0.6684343434343434
11,auto,4,wine_data,0.6742424242424243
12,auto,4,wine_data,0.6630050505050504
13,auto,4,wine_data,0.6685606060606061
14,auto,4,wine_data,0.6464646464646465
15,auto,4,wine_data,0.6574494949494949
16,auto,4,wine_data,0.6463383838383838
17,auto,4,wine_data,0.6463383838383838
18,auto,4,wine_data,0.6632575757575758
19,auto,4,wine_data,0.6799242424242424
20,auto,4,wine_data,0.6688131313131314
21,auto,4,wine_data,0.696590909090909
22,auto,4,wine_data,0.6742424242424243
23,auto,4,wine_data,0.685479797979798
24,auto,4,wine_data,0.6742424242424243
25,auto,4,wine_data,0.6909090909090909
26,auto,4,wine_data,0.6967171717171716
27,auto,4,wine_data,0.6967171717171716
28,auto,4,wine_data,0.6911616161616161
29,auto,4,wine_data,0.7022727272727272
30,auto,4,wine_data,0.6967171717171716
31,auto,4,wine_data,0.6967171717171716
32,auto,4,wine_data,0.7025252525252526
33,auto,4,wine_data,0.6912878787878788
34,auto,4,wine_data,0.6968434343434343
35,auto,4,wine_data,0.6968434343434344
36,auto,4,wine_data,0.7195707070707071
37,auto,4,wine_data,0.6968434343434344
38,auto,4,wine_data,0.7195707070707071
39,auto,4,wine_data,0.6912878787878789
40,auto,4,wine_data,0.7026515151515151
41,auto,4,wine_data,0.696969696969697
42,auto,4,wine_data,0.7082070707070707
43,auto,4,wine_data,0.7140151515151516
44,auto,4,wine_data,0.6916666666666667
45,auto,4,wine_data,0.6861111111111111
46,auto,4,wine_data,0.6916666666666667
47,auto,4,wine_data,0.6916666666666667
48,auto,4,wine_data,0.6859848484848484
49,auto,4,wine_data,0.6748737373737373
3,ball_tree,4,wine_data,0.6744949494949495
4,ball_tree,4,wine_data,0.662878787878788
5,ball_tree,4,wine_data,0.6856060606060606
6,ball_tree,4,wine_data,0.680429292929293
7,ball_tree,4,wine_data,0.6797979797979798
8,ball_tree,4,wine_data,0.6853535353535354
9,ball_tree,4,wine_data,0.6516414141414142
10,ball_tree,4,wine_data,0.6684343434343434
11,ball_tree,4,wine_data,0.6742424242424243
12,ball_tree,4,wine_data,0.6630050505050504
13,ball_tree,4,wine_data,0.6685606060606061
14,ball_tree,4,wine_data,0.6464646464646465
15,ball_tree,4,wine_data,0.6574494949494949
16,ball_tree,4,wine_data,0.6463383838383838
17,ball_tree,4,wine_data,0.6463383838383838
18,ball_tree,4,wine_data,0.6632575757575758
19,ball_tree,4,wine_data,0.6799242424242424
20,ball_tree,4,wine_data,0.6688131313131314
21,ball_tree,4,wine_data,0.696590909090909
22,ball_tree,4,wine_data,0.6742424242424243
23,ball_tree,4,wine_data,0.685479797979798
24,ball_tree,4,wine_data,0.6742424242424243
25,ball_tree,4,wine_data,0.6909090909090909
26,ball_tree,4,wine_data,0.6967171717171716
27,ball_tree,4,wine_data,0.6967171717171716
28,ball_tree,4,wine_data,0.6911616161616161
29,ball_tree,4,wine_data,0.7022727272727272
30,ball_tree,4,wine_data,0.6967171717171716
31,ball_tree,4,wine_data,0.6967171717171716
32,ball_tree,4,wine_data,0.7025252525252526
33,ball_tree,4,wine_data,0.6912878787878788
34,ball_tree,4,wine_data,0.6968434343434343
35,ball_tree,4,wine_data,0.6968434343434344
36,ball_tree,4,wine_data,0.7195707070707071
37,ball_tree,4,wine_data,0.6968434343434344
38,ball_tree,4,wine_data,0.7195707070707071
39,ball_tree,4,wine_data,0.6912878787878789
40,ball_tree,4,wine_data,0.7026515151515151
41,ball_tree,4,wine_data,0.696969696969697
42,ball_tree,4,wine_data,0.7082070707070707
43,ball_tree,4,wine_data,0.7140151515151516
44,ball_tree,4,wine_data,0.6916666666666667
45,ball_tree,4,wine_data,0.6861111111111111
46,ball_tree,4,wine_data,0.6916666666666667
47,ball_tree,4,wine_data,0.6916666666666667
48,ball_tree,4,wine_data,0.6859848484848484
49,ball_tree,4,wine_data,0.6748737373737373
3,kd_tree,4,wine_data,0.6744949494949495
4,kd_tree,4,wine_data,0.662878787878788
5,kd_tree,4,wine_data,0.6856060606060606
6,kd_tree,4,wine_data,0.680429292929293
7,kd_tree,4,wine_data,0.6797979797979798
8,kd_tree,4,wine_data,0.6853535353535354
9,kd_tree,4,wine_data,0.6516414141414142
10,kd_tree,4,wine_data,0.6684343434343434
11,kd_tree,4,wine_data,0.6742424242424243
12,kd_tree,4,wine_data,0.6630050505050504
13,kd_tree,4,wine_data,0.6685606060606061
14,kd_tree,4,wine_data,0.6464646464646465
15,kd_tree,4,wine_data,0.6574494949494949
16,kd_tree,4,wine_data,0.6463383838383838
17,kd_tree,4,wine_data,0.6463383838383838
18,kd_tree,4,wine_data,0.6632575757575758
19,kd_tree,4,wine_data,0.6799242424242424
20,kd_tree,4,wine_data,0.6688131313131314
21,kd_tree,4,wine_data,0.696590909090909
22,kd_tree,4,wine_data,0.6742424242424243
23,kd_tree,4,wine_data,0.685479797979798
24,kd_tree,4,wine_data,0.6742424242424243
25,kd_tree,4,wine_data,0.6909090909090909
26,kd_tree,4,wine_data,0.6967171717171716
27,kd_tree,4,wine_data,0.6967171717171716
28,kd_tree,4,wine_data,0.6911616161616161
29,kd_tree,4,wine_data,0.7022727272727272
30,kd_tree,4,wine_data,0.6967171717171716
31,kd_tree,4,wine_data,0.6967171717171716
32,kd_tree,4,wine_data,0.7025252525252526
33,kd_tree,4,wine_data,0.6912878787878788
34,kd_tree,4,wine_data,0.6968434343434343
35,kd_tree,4,wine_data,0.6968434343434344
36,kd_tree,4,wine_data,0.7195707070707071
37,kd_tree,4,wine_data,0.6968434343434344
38,kd_tree,4,wine_data,0.7195707070707071
39,kd_tree,4,wine_data,0.6912878787878789
40,kd_tree,4,wine_data,0.7026515151515151
41,kd_tree,4,wine_data,0.696969696969697
42,kd_tree,4,wine_data,0.7082070707070707
43,kd_tree,4,wine_data,0.7140151515151516
44,kd_tree,4,wine_data,0.6916666666666667
45,kd_tree,4,wine_data,0.6861111111111111
46,kd_tree,4,wine_data,0.6916666666666667
47,kd_tree,4,wine_data,0.6916666666666667
48,kd_tree,4,wine_data,0.6859848484848484
49,kd_tree,4,wine_data,0.6748737373737373
3,brute,4,wine_data,0.6744949494949495
4,brute,4,wine_data,0.662878787878788
5,brute,4,wine_data,0.6856060606060606
6,brute,4,wine_data,0.680429292929293
7,brute,4,wine_data,0.6797979797979798
8,brute,4,wine_data,0.6853535353535354
9,brute,4,wine_data,0.6516414141414142
10,brute,4,wine_data,0.6684343434343434
11,brute,4,wine_data,0.6742424242424243
12,brute,4,wine_data,0.6630050505050504
13,brute,4,wine_data,0.6685606060606061
14,brute,4,wine_data,0.6464646464646465
15,brute,4,wine_data,0.6574494949494949
16,brute,4,wine_data,0.6463383838383838
17,brute,4,wine_data,0.6463383838383838
18,brute,4,wine_data,0.6632575757575758
19,brute,4,wine_data,0.6799242424242424
20,brute,4,wine_data,0.6688131313131314
21,brute,4,wine_data,0.696590909090909
22,brute,4,wine_data,0.6742424242424243
23,brute,4,wine_data,0.685479797979798
24,brute,4,wine_data,0.6742424242424243
25,brute,4,wine_data,0.6909090909090909
26,brute,4,wine_data,0.6967171717171716
27,brute,4,wine_data,0.6967171717171716
28,brute,4,wine_data,0.6911616161616161
29,brute,4,wine_data,0.7022727272727272
30,brute,4,wine_data,0.6967171717171716
31,brute,4,wine_data,0.6967171717171716
32,brute,4,wine_data,0.7025252525252526
33,brute,4,wine_data,0.6912878787878788
34,brute,4,wine_data,0.6968434343434343
35,brute,4,wine_data,0.6968434343434344
36,brute,4,wine_data,0.7195707070707071
37,brute,4,wine_data,0.6968434343434344
38,brute,4,wine_data,0.7195707070707071
39,brute,4,wine_data,0.6912878787878789
40,brute,4,wine_data,0.7026515151515151
41,brute,4,wine_data,0.696969696969697
42,brute,4,wine_data,0.7082070707070707
43,brute,4,wine_data,0.7140151515151516
44,brute,4,wine_data,0.6916666666666667
45,brute,4,wine_data,0.6861111111111111
46,brute,4,wine_data,0.6916666666666667
47,brute,4,wine_data,0.6916666666666667
48,brute,4,wine_data,0.6859848484848484
49,brute,4,wine_data,0.6748737373737373
3,auto,5,wine_data,0.7028571428571428
4,auto,5,wine_data,0.6801587301587302
5,auto,5,wine_data,0.6912698412698413
6,auto,5,wine_data,0.6914285714285714
7,auto,5,wine_data,0.6806349206349206
8,auto,5,wine_data,0.6801587301587302
9,auto,5,wine_data,0.7025396825396826
10,auto,5,wine_data,0.691111111111111
11,auto,5,wine_data,0.6798412698412698
12,auto,5,wine_data,0.6914285714285715
13,auto,5,wine_data,0.7079365079365079
14,auto,5,wine_data,0.7028571428571428
15,auto,5,wine_data,0.7138095238095238
16,auto,5,wine_data,0.6973015873015873
17,auto,5,wine_data,0.6971428571428572
18,auto,5,wine_data,0.7028571428571428
19,auto,5,wine_data,0.7028571428571428
20,auto,5,wine_data,0.7082539682539682
21,auto,5,wine_data,0.7195238095238095
22,auto,5,wine_data,0.7025396825396826
23,auto,5,wine_data,0.7025396825396826
24,auto,5,wine_data,0.696984126984127
25,auto,5,wine_data,0.7084126984126984
26,auto,5,wine_data,0.696984126984127
27,auto,5,wine_data,0.7082539682539682
28,auto,5,wine_data,0.7139682539682539
29,auto,5,wine_data,0.7196825396825396
30,auto,5,wine_data,0.7196825396825396
31,auto,5,wine_data,0.7196825396825396
32,auto,5,wine_data,0.7142857142857143
33,auto,5,wine_data,0.7084126984126984
34,auto,5,wine_data,0.714126984126984
35,auto,5,wine_data,0.7028571428571428
36,auto,5,wine_data,0.703015873015873
37,auto,5,wine_data,0.6973015873015873
38,auto,5,wine_data,0.7030158730158731
39,auto,5,wine_data,0.6917460317460318
40,auto,5,wine_data,0.6917460317460318
41,auto,5,wine_data,0.7028571428571428
42,auto,5,wine_data,0.6917460317460318
43,auto,5,wine_data,0.6973015873015873
44,auto,5,wine_data,0.6917460317460318
45,auto,5,wine_data,0.6973015873015873
46,auto,5,wine_data,0.7084126984126984
47,auto,5,wine_data,0.7028571428571428
48,auto,5,wine_data,0.7026984126984127
49,auto,5,wine_data,0.7026984126984127
3,ball_tree,5,wine_data,0.7028571428571428
4,ball_tree,5,wine_data,0.6801587301587302
5,ball_tree,5,wine_data,0.6912698412698413
6,ball_tree,5,wine_data,0.6914285714285714
7,ball_tree,5,wine_data,0.6806349206349206
8,ball_tree,5,wine_data,0.6801587301587302
9,ball_tree,5,wine_data,0.7025396825396826
10,ball_tree,5,wine_data,0.691111111111111
11,ball_tree,5,wine_data,0.6798412698412698
12,ball_tree,5,wine_data,0.6914285714285715
13,ball_tree,5,wine_data,0.7079365079365079
14,ball_tree,5,wine_data,0.7028571428571428
15,ball_tree,5,wine_data,0.7138095238095238
16,ball_tree,5,wine_data,0.6973015873015873
17,ball_tree,5,wine_data,0.6971428571428572
18,ball_tree,5,wine_data,0.7028571428571428
19,ball_tree,5,wine_data,0.7028571428571428
20,ball_tree,5,wine_data,0.7082539682539682
21,ball_tree,5,wine_data,0.7195238095238095
22,ball_tree,5,wine_data,0.7025396825396826
23,ball_tree,5,wine_data,0.7025396825396826
24,ball_tree,5,wine_data,0.696984126984127
25,ball_tree,5,wine_data,0.7084126984126984
26,ball_tree,5,wine_data,0.696984126984127
27,ball_tree,5,wine_data,0.7082539682539682
28,ball_tree,5,wine_data,0.7139682539682539
29,ball_tree,5,wine_data,0.7196825396825396
30,ball_tree,5,wine_data,0.7196825396825396
31,ball_tree,5,wine_data,0.7196825396825396
32,ball_tree,5,wine_data,0.7142857142857143
33,ball_tree,5,wine_data,0.7084126984126984
34,ball_tree,5,wine_data,0.714126984126984
35,ball_tree,5,wine_data,0.7028571428571428
36,ball_tree,5,wine_data,0.703015873015873
37,ball_tree,5,wine_data,0.6973015873015873
38,ball_tree,5,wine_data,0.7030158730158731
39,ball_tree,5,wine_data,0.6917460317460318
40,ball_tree,5,wine_data,0.6917460317460318
41,ball_tree,5,wine_data,0.7028571428571428
42,ball_tree,5,wine_data,0.6917460317460318
43,ball_tree,5,wine_data,0.6973015873015873
44,ball_tree,5,wine_data,0.6917460317460318
45,ball_tree,5,wine_data,0.6973015873015873
46,ball_tree,5,wine_data,0.7084126984126984
47,ball_tree,5,wine_data,0.7028571428571428
48,ball_tree,5,wine_data,0.7026984126984127
49,ball_tree,5,wine_data,0.7026984126984127
3,kd_tree,5,wine_data,0.7028571428571428
4,kd_tree,5,wine_data,0.6801587301587302
5,kd_tree,5,wine_data,0.6912698412698413
6,kd_tree,5,wine_data,0.6914285714285714
7,kd_tree,5,wine_data,0.6806349206349206
8,kd_tree,5,wine_data,0.6801587301587302
9,kd_tree,5,wine_data,0.7025396825396826
10,kd_tree,5,wine_data,0.691111111111111
11,kd_tree,5,wine_data,0.6798412698412698
12,kd_tree,5,wine_data,0.6914285714285715
13,kd_tree,5,wine_data,0.7079365079365079
14,kd_tree,5,wine_data,0.7028571428571428
15,kd_tree,5,wine_data,0.7138095238095238
16,kd_tree,5,wine_data,0.6973015873015873
17,kd_tree,5,wine_data,0.6971428571428572
18,kd_tree,5,wine_data,0.7028571428571428
19,kd_tree,5,wine_data,0.7028571428571428
20,kd_tree,5,wine_data,0.7082539682539682
21,kd_tree,5,wine_data,0.7195238095238095
22,kd_tree,5,wine_data,0.7025396825396826
23,kd_tree,5,wine_data,0.7025396825396826
24,kd_tree,5,wine_data,0.696984126984127
25,kd_tree,5,wine_data,0.7084126984126984
26,kd_tree,5,wine_data,0.696984126984127
27,kd_tree,5,wine_data,0.7082539682539682
28,kd_tree,5,wine_data,0.7139682539682539
29,kd_tree,5,wine_data,0.7196825396825396
30,kd_tree,5,wine_data,0.7196825396825396
31,kd_tree,5,wine_data,0.7196825396825396
32,kd_tree,5,wine_data,0.7142857142857143
33,kd_tree,5,wine_data,0.7084126984126984
34,kd_tree,5,wine_data,0.714126984126984
35,kd_tree,5,wine_data,0.7028571428571428
36,kd_tree,5,wine_data,0.703015873015873
37,kd_tree,5,wine_data,0.6973015873015873
38,kd_tree,5,wine_data,0.7030158730158731
39,kd_tree,5,wine_data,0.6917460317460318
40,kd_tree,5,wine_data,0.6917460317460318
41,kd_tree,5,wine_data,0.7028571428571428
42,kd_tree,5,wine_data,0.6917460317460318
43,kd_tree,5,wine_data,0.6973015873015873
44,kd_tree,5,wine_data,0.6917460317460318
45,kd_tree,5,wine_data,0.6973015873015873
46,kd_tree,5,wine_data,0.7084126984126984
47,kd_tree,5,wine_data,0.7028571428571428
48,kd_tree,5,wine_data,0.7026984126984127
49,kd_tree,5,wine_data,0.7026984126984127
3,brute,5,wine_data,0.7028571428571428
4,brute,5,wine_data,0.6801587301587302
5,brute,5,wine_data,0.6912698412698413
6,brute,5,wine_data,0.6914285714285714
7,brute,5,wine_data,0.6806349206349206
8,brute,5,wine_data,0.6801587301587302
9,brute,5,wine_data,0.7025396825396826
10,brute,5,wine_data,0.691111111111111
11,brute,5,wine_data,0.6798412698412698
12,brute,5,wine_data,0.6914285714285715
13,brute,5,wine_data,0.7079365079365079
14,brute,5,wine_data,0.7028571428571428
15,brute,5,wine_data,0.7138095238095238
16,brute,5,wine_data,0.6973015873015873
17,brute,5,wine_data,0.6971428571428572
18,brute,5,wine_data,0.7028571428571428
19,brute,5,wine_data,0.7028571428571428
20,brute,5,wine_data,0.7082539682539682
21,brute,5,wine_data,0.7195238095238095
22,brute,5,wine_data,0.7025396825396826
23,brute,5,wine_data,0.7025396825396826
24,brute,5,wine_data,0.696984126984127
25,brute,5,wine_data,0.7084126984126984
26,brute,5,wine_data,0.696984126984127
27,brute,5,wine_data,0.7082539682539682
28,brute,5,wine_data,0.7139682539682539
29,brute,5,wine_data,0.7196825396825396
30,brute,5,wine_data,0.7196825396825396
31,brute,5,wine_data,0.7196825396825396
32,brute,5,wine_data,0.7142857142857143
33,brute,5,wine_data,0.7084126984126984
34,brute,5,wine_data,0.714126984126984
35,brute,5,wine_data,0.7028571428571428
36,brute,5,wine_data,0.703015873015873
37,brute,5,wine_data,0.6973015873015873
38,brute,5,wine_data,0.7030158730158731
39,brute,5,wine_data,0.6917460317460318
40,brute,5,wine_data,0.6917460317460318
41,brute,5,wine_data,0.7028571428571428
42,brute,5,wine_data,0.6917460317460318
43,brute,5,wine_data,0.6973015873015873
44,brute,5,wine_data,0.6917460317460318
45,brute,5,wine_data,0.6973015873015873
46,brute,5,wine_data,0.7084126984126984
47,brute,5,wine_data,0.7028571428571428
48,brute,5,wine_data,0.7026984126984127
49,brute,5,wine_data,0.7026984126984127
3,auto,2,iris_data,0.94
4,auto,2,iris_data,0.9533333333333334
5,auto,2,iris_data,0.94
6,auto,2,iris_data,0.9466666666666668
7,auto,2,iris_data,0.94
8,auto,2,iris_data,0.96
9,auto,2,iris_data,0.9533333333333334
10,auto,2,iris_data,0.9533333333333334
11,auto,2,iris_data,0.9466666666666667
12,auto,2,iris_data,0.9466666666666667
13,auto,2,iris_data,0.9466666666666667
14,auto,2,iris_data,0.94
15,auto,2,iris_data,0.94
16,auto,2,iris_data,0.9466666666666667
17,auto,2,iris_data,0.9466666666666667
18,auto,2,iris_data,0.9533333333333334
19,auto,2,iris_data,0.94
20,auto,2,iris_data,0.94
21,auto,2,iris_data,0.94
22,auto,2,iris_data,0.9333333333333333
23,auto,2,iris_data,0.9466666666666667
24,auto,2,iris_data,0.9466666666666667
25,auto,2,iris_data,0.94
26,auto,2,iris_data,0.9266666666666667
27,auto,2,iris_data,0.9266666666666667
28,auto,2,iris_data,0.92
29,auto,2,iris_data,0.9133333333333333
30,auto,2,iris_data,0.9066666666666666
31,auto,2,iris_data,0.9066666666666666
32,auto,2,iris_data,0.8999999999999999
33,auto,2,iris_data,0.8999999999999999
34,auto,2,iris_data,0.8999999999999999
35,auto,2,iris_data,0.9066666666666667
36,auto,2,iris_data,0.8866666666666667
37,auto,2,iris_data,0.8866666666666667
38,auto,2,iris_data,0.8866666666666667
39,auto,2,iris_data,0.8866666666666667
40,auto,2,iris_data,0.88
41,auto,2,iris_data,0.8866666666666667
42,auto,2,iris_data,0.8933333333333333
43,auto,2,iris_data,0.8933333333333333
44,auto,2,iris_data,0.8999999999999999
45,auto,2,iris_data,0.9066666666666666
46,auto,2,iris_data,0.88
47,auto,2,iris_data,0.8666666666666667
48,auto,2,iris_data,0.8866666666666667
49,auto,2,iris_data,0.88
3,ball_tree,2,iris_data,0.94
4,ball_tree,2,iris_data,0.9533333333333334
5,ball_tree,2,iris_data,0.94
6,ball_tree,2,iris_data,0.9466666666666668
7,ball_tree,2,iris_data,0.94
8,ball_tree,2,iris_data,0.96
9,ball_tree,2,iris_data,0.9533333333333334
10,ball_tree,2,iris_data,0.9533333333333334
11,ball_tree,2,iris_data,0.9466666666666667
12,ball_tree,2,iris_data,0.9466666666666667
13,ball_tree,2,iris_data,0.9466666666666667
14,ball_tree,2,iris_data,0.94
15,ball_tree,2,iris_data,0.94
16,ball_tree,2,iris_data,0.9466666666666667
17,ball_tree,2,iris_data,0.9466666666666667
18,ball_tree,2,iris_data,0.9533333333333334
19,ball_tree,2,iris_data,0.94
20,ball_tree,2,iris_data,0.94
21,ball_tree,2,iris_data,0.94
22,ball_tree,2,iris_data,0.9333333333333333
23,ball_tree,2,iris_data,0.9466666666666667
24,ball_tree,2,iris_data,0.9466666666666667
25,ball_tree,2,iris_data,0.94
26,ball_tree,2,iris_data,0.9266666666666667
27,ball_tree,2,iris_data,0.9266666666666667
28,ball_tree,2,iris_data,0.92
29,ball_tree,2,iris_data,0.9133333333333333
30,ball_tree,2,iris_data,0.9066666666666666
31,ball_tree,2,iris_data,0.9066666666666666
32,ball_tree,2,iris_data,0.8999999999999999
33,ball_tree,2,iris_data,0.8999999999999999
34,ball_tree,2,iris_data,0.8999999999999999
35,ball_tree,2,iris_data,0.9066666666666667
36,ball_tree,2,iris_data,0.8866666666666667
37,ball_tree,2,iris_data,0.8866666666666667
38,ball_tree,2,iris_data,0.8866666666666667
39,ball_tree,2,iris_data,0.8866666666666667
40,ball_tree,2,iris_data,0.88
41,ball_tree,2,iris_data,0.8866666666666667
42,ball_tree,2,iris_data,0.8933333333333333
43,ball_tree,2,iris_data,0.8933333333333333
44,ball_tree,2,iris_data,0.8999999999999999
45,ball_tree,2,iris_data,0.9066666666666666
46,ball_tree,2,iris_data,0.88
47,ball_tree,2,iris_data,0.8666666666666667
48,ball_tree,2,iris_data,0.8866666666666667
49,ball_tree,2,iris_data,0.88
3,kd_tree,2,iris_data,0.94
4,kd_tree,2,iris_data,0.9533333333333334
5,kd_tree,2,iris_data,0.94
6,kd_tree,2,iris_data,0.9466666666666668
7,kd_tree,2,iris_data,0.94
8,kd_tree,2,iris_data,0.96
9,kd_tree,2,iris_data,0.9533333333333334
10,kd_tree,2,iris_data,0.9533333333333334
11,kd_tree,2,iris_data,0.9466666666666667
12,kd_tree,2,iris_data,0.9466666666666667
13,kd_tree,2,iris_data,0.9466666666666667
14,kd_tree,2,iris_data,0.94
15,kd_tree,2,iris_data,0.94
16,kd_tree,2,iris_data,0.9466666666666667
17,kd_tree,2,iris_data,0.9466666666666667
18,kd_tree,2,iris_data,0.9533333333333334
19,kd_tree,2,iris_data,0.94
20,kd_tree,2,iris_data,0.94
21,kd_tree,2,iris_data,0.94
22,kd_tree,2,iris_data,0.9333333333333333
23,kd_tree,2,iris_data,0.9466666666666667
24,kd_tree,2,iris_data,0.9466666666666667
25,kd_tree,2,iris_data,0.94
26,kd_tree,2,iris_data,0.9266666666666667
27,kd_tree,2,iris_data,0.9266666666666667
28,kd_tree,2,iris_data,0.92
29,kd_tree,2,iris_data,0.9133333333333333
30,kd_tree,2,iris_data,0.9066666666666666
31,kd_tree,2,iris_data,0.9066666666666666
32,kd_tree,2,iris_data,0.8999999999999999
33,kd_tree,2,iris_data,0.8999999999999999
34,kd_tree,2,iris_data,0.8999999999999999
35,kd_tree,2,iris_data,0.9066666666666667
36,kd_tree,2,iris_data,0.8866666666666667
37,kd_tree,2,iris_data,0.8866666666666667
38,kd_tree,2,iris_data,0.8866666666666667
39,kd_tree,2,iris_data,0.8866666666666667
40,kd_tree,2,iris_data,0.88
41,kd_tree,2,iris_data,0.8866666666666667
42,kd_tree,2,iris_data,0.8933333333333333
43,kd_tree,2,iris_data,0.8933333333333333
44,kd_tree,2,iris_data,0.8999999999999999
45,kd_tree,2,iris_data,0.9066666666666666
46,kd_tree,2,iris_data,0.88
47,kd_tree,2,iris_data,0.8666666666666667
48,kd_tree,2,iris_data,0.8866666666666667
49,kd_tree,2,iris_data,0.88
3,brute,2,iris_data,0.94
4,brute,2,iris_data,0.9533333333333334
5,brute,2,iris_data,0.94
6,brute,2,iris_data,0.9466666666666668
7,brute,2,iris_data,0.94
8,brute,2,iris_data,0.96
9,brute,2,iris_data,0.9533333333333334
10,brute,2,iris_data,0.9533333333333334
11,brute,2,iris_data,0.9466666666666667
12,brute,2,iris_data,0.9466666666666667
13,brute,2,iris_data,0.9466666666666667
14,brute,2,iris_data,0.94
15,brute,2,iris_data,0.94
16,brute,2,iris_data,0.94
17,brute,2,iris_data,0.9466666666666667
18,brute,2,iris_data,0.9533333333333334
19,brute,2,iris_data,0.94
20,brute,2,iris_data,0.94
21,brute,2,iris_data,0.94
22,brute,2,iris_data,0.9333333333333333
23,brute,2,iris_data,0.9466666666666667
24,brute,2,iris_data,0.9466666666666667
25,brute,2,iris_data,0.94
26,brute,2,iris_data,0.9266666666666667
27,brute,2,iris_data,0.9266666666666667
28,brute,2,iris_data,0.92
29,brute,2,iris_data,0.9133333333333333
30,brute,2,iris_data,0.9066666666666666
31,brute,2,iris_data,0.9066666666666666
32,brute,2,iris_data,0.8999999999999999
33,brute,2,iris_data,0.8999999999999999
34,brute,2,iris_data,0.8999999999999999
35,brute,2,iris_data,0.9066666666666667
36,brute,2,iris_data,0.8866666666666667
37,brute,2,iris_data,0.8866666666666667
38,brute,2,iris_data,0.8866666666666667
39,brute,2,iris_data,0.8866666666666667
40,brute,2,iris_data,0.88
41,brute,2,iris_data,0.8866666666666667
42,brute,2,iris_data,0.8933333333333333
43,brute,2,iris_data,0.8933333333333333
44,brute,2,iris_data,0.8999999999999999
45,brute,2,iris_data,0.9066666666666666
46,brute,2,iris_data,0.88
47,brute,2,iris_data,0.8666666666666667
48,brute,2,iris_data,0.8866666666666667
49,brute,2,iris_data,0.88
3,auto,3,iris_data,0.9733333333333333
4,auto,3,iris_data,0.9866666666666667
5,auto,3,iris_data,0.98
6,auto,3,iris_data,0.9733333333333333
7,auto,3,iris_data,0.9733333333333333
8,auto,3,iris_data,0.9666666666666667
9,auto,3,iris_data,0.9733333333333333
10,auto,3,iris_data,0.9666666666666667
11,auto,3,iris_data,0.9666666666666667
12,auto,3,iris_data,0.9666666666666667
13,auto,3,iris_data,0.96
14,auto,3,iris_data,0.9533333333333333
15,auto,3,iris_data,0.9533333333333333
16,auto,3,iris_data,0.96
17,auto,3,iris_data,0.96
18,auto,3,iris_data,0.9533333333333333
19,auto,3,iris_data,0.9533333333333333
20,auto,3,iris_data,0.9466666666666667
21,auto,3,iris_data,0.9533333333333333
22,auto,3,iris_data,0.9466666666666667
23,auto,3,iris_data,0.94
24,auto,3,iris_data,0.9333333333333332
25,auto,3,iris_data,0.94
26,auto,3,iris_data,0.9533333333333333
27,auto,3,iris_data,0.9533333333333333
28,auto,3,iris_data,0.9533333333333333
29,auto,3,iris_data,0.9533333333333333
30,auto,3,iris_data,0.9533333333333333
31,auto,3,iris_data,0.9533333333333333
32,auto,3,iris_data,0.9466666666666667
33,auto,3,iris_data,0.94
34,auto,3,iris_data,0.9199999999999999
35,auto,3,iris_data,0.9266666666666666
36,auto,3,iris_data,0.92
37,auto,3,iris_data,0.92
38,auto,3,iris_data,0.9133333333333334
39,auto,3,iris_data,0.9133333333333334
40,auto,3,iris_data,0.9066666666666667
41,auto,3,iris_data,0.9133333333333334
42,auto,3,iris_data,0.9
43,auto,3,iris_data,0.9066666666666667
44,auto,3,iris_data,0.8933333333333334
45,auto,3,iris_data,0.9
46,auto,3,iris_data,0.8866666666666667
47,auto,3,iris_data,0.8933333333333334
48,auto,3,iris_data,0.8866666666666667
49,auto,3,iris_data,0.8866666666666667
3,ball_tree,3,iris_data,0.9733333333333333
4,ball_tree,3,iris_data,0.9866666666666667
5,ball_tree,3,iris_data,0.98
6,ball_tree,3,iris_data,0.9733333333333333
7,ball_tree,3,iris_data,0.9733333333333333
8,ball_tree,3,iris_data,0.9666666666666667
9,ball_tree,3,iris_data,0.9733333333333333
10,ball_tree,3,iris_data,0.9666666666666667
11,ball_tree,3,iris_data,0.9666666666666667
12,ball_tree,3,iris_data,0.9666666666666667
13,ball_tree,3,iris_data,0.96
14,ball_tree,3,iris_data,0.9533333333333333
15,ball_tree,3,iris_data,0.9533333333333333
16,ball_tree,3,iris_data,0.96
17,ball_tree,3,iris_data,0.96
18,ball_tree,3,iris_data,0.9533333333333333
19,ball_tree,3,iris_data,0.9533333333333333
20,ball_tree,3,iris_data,0.9466666666666667
21,ball_tree,3,iris_data,0.9533333333333333
22,ball_tree,3,iris_data,0.9466666666666667
23,ball_tree,3,iris_data,0.94
24,ball_tree,3,iris_data,0.9333333333333332
25,ball_tree,3,iris_data,0.94
26,ball_tree,3,iris_data,0.9533333333333333
27,ball_tree,3,iris_data,0.9533333333333333
28,ball_tree,3,iris_data,0.9533333333333333
29,ball_tree,3,iris_data,0.9533333333333333
30,ball_tree,3,iris_data,0.9533333333333333
31,ball_tree,3,iris_data,0.9533333333333333
32,ball_tree,3,iris_data,0.9466666666666667
33,ball_tree,3,iris_data,0.94
34,ball_tree,3,iris_data,0.9199999999999999
35,ball_tree,3,iris_data,0.9266666666666666
36,ball_tree,3,iris_data,0.92
37,ball_tree,3,iris_data,0.92
38,ball_tree,3,iris_data,0.9133333333333334
39,ball_tree,3,iris_data,0.9133333333333334
40,ball_tree,3,iris_data,0.9066666666666667
41,ball_tree,3,iris_data,0.9133333333333334
42,ball_tree,3,iris_data,0.9
43,ball_tree,3,iris_data,0.9066666666666667
44,ball_tree,3,iris_data,0.8933333333333334
45,ball_tree,3,iris_data,0.9
46,ball_tree,3,iris_data,0.8866666666666667
47,ball_tree,3,iris_data,0.8933333333333334
48,ball_tree,3,iris_data,0.8866666666666667
49,ball_tree,3,iris_data,0.8866666666666667
3,kd_tree,3,iris_data,0.9733333333333333
4,kd_tree,3,iris_data,0.9866666666666667
5,kd_tree,3,iris_data,0.98
6,kd_tree,3,iris_data,0.9733333333333333
7,kd_tree,3,iris_data,0.9733333333333333
8,kd_tree,3,iris_data,0.9666666666666667
9,kd_tree,3,iris_data,0.9733333333333333
10,kd_tree,3,iris_data,0.9666666666666667
11,kd_tree,3,iris_data,0.9666666666666667
12,kd_tree,3,iris_data,0.9666666666666667
13,kd_tree,3,iris_data,0.96
14,kd_tree,3,iris_data,0.9533333333333333
15,kd_tree,3,iris_data,0.9533333333333333
16,kd_tree,3,iris_data,0.96
17,kd_tree,3,iris_data,0.96
18,kd_tree,3,iris_data,0.9533333333333333
19,kd_tree,3,iris_data,0.9533333333333333
20,kd_tree,3,iris_data,0.9466666666666667
21,kd_tree,3,iris_data,0.9533333333333333
22,kd_tree,3,iris_data,0.9466666666666667
23,kd_tree,3,iris_data,0.94
24,kd_tree,3,iris_data,0.9333333333333332
25,kd_tree,3,iris_data,0.94
26,kd_tree,3,iris_data,0.9533333333333333
27,kd_tree,3,iris_data,0.9533333333333333
28,kd_tree,3,iris_data,0.9533333333333333
29,kd_tree,3,iris_data,0.9533333333333333
30,kd_tree,3,iris_data,0.9533333333333333
31,kd_tree,3,iris_data,0.9533333333333333
32,kd_tree,3,iris_data,0.9466666666666667
33,kd_tree,3,iris_data,0.94
34,kd_tree,3,iris_data,0.9199999999999999
35,kd_tree,3,iris_data,0.9266666666666666
36,kd_tree,3,iris_data,0.92
37,kd_tree,3,iris_data,0.92
38,kd_tree,3,iris_data,0.9133333333333334
39,kd_tree,3,iris_data,0.9133333333333334
40,kd_tree,3,iris_data,0.9066666666666667
41,kd_tree,3,iris_data,0.9133333333333334
42,kd_tree,3,iris_data,0.9
43,kd_tree,3,iris_data,0.9066666666666667
44,kd_tree,3,iris_data,0.8933333333333334
45,kd_tree,3,iris_data,0.9
46,kd_tree,3,iris_data,0.8866666666666667
47,kd_tree,3,iris_data,0.8933333333333334
48,kd_tree,3,iris_data,0.8866666666666667
49,kd_tree,3,iris_data,0.8866666666666667
3,brute,3,iris_data,0.9733333333333333
4,brute,3,iris_data,0.9666666666666667
5,brute,3,iris_data,0.9733333333333333
6,brute,3,iris_data,0.9733333333333333
7,brute,3,iris_data,0.98
8,brute,3,iris_data,0.9666666666666667
9,brute,3,iris_data,0.9733333333333333
10,brute,3,iris_data,0.9666666666666667
11,brute,3,iris_data,0.9666666666666667
12,brute,3,iris_data,0.9666666666666667
13,brute,3,iris_data,0.9533333333333333
14,brute,3,iris_data,0.9533333333333333
15,brute,3,iris_data,0.9533333333333333
16,brute,3,iris_data,0.96
17,brute,3,iris_data,0.9533333333333333
18,brute,3,iris_data,0.9533333333333333
19,brute,3,iris_data,0.9533333333333333
20,brute,3,iris_data,0.9466666666666667
21,brute,3,iris_data,0.9533333333333333
22,brute,3,iris_data,0.9466666666666667
23,brute,3,iris_data,0.94
24,brute,3,iris_data,0.9333333333333332
25,brute,3,iris_data,0.94
26,brute,3,iris_data,0.9533333333333333
27,brute,3,iris_data,0.9533333333333333
28,brute,3,iris_data,0.9533333333333333
29,brute,3,iris_data,0.9533333333333333
30,brute,3,iris_data,0.9533333333333333
31,brute,3,iris_data,0.9533333333333333
32,brute,3,iris_data,0.9466666666666667
33,brute,3,iris_data,0.94
34,brute,3,iris_data,0.9199999999999999
35,brute,3,iris_data,0.9266666666666666
36,brute,3,iris_data,0.92
37,brute,3,iris_data,0.92
38,brute,3,iris_data,0.9133333333333334
39,brute,3,iris_data,0.9133333333333334
40,brute,3,iris_data,0.9066666666666667
41,brute,3,iris_data,0.9133333333333334
42,brute,3,iris_data,0.9
43,brute,3,iris_data,0.9066666666666667
44,brute,3,iris_data,0.8933333333333334
45,brute,3,iris_data,0.9
46,brute,3,iris_data,0.8866666666666667
47,brute,3,iris_data,0.8933333333333334
48,brute,3,iris_data,0.8866666666666667
49,brute,3,iris_data,0.8866666666666667
3,auto,4,iris_data,0.9599928876244666
4,auto,4,iris_data,0.9532361308677098
5,auto,4,iris_data,0.9667496443812233
6,auto,4,iris_data,0.9530583214793742
7,auto,4,iris_data,0.9665718349928876
8,auto,4,iris_data,0.9596372688477952
9,auto,4,iris_data,0.9532361308677098
10,auto,4,iris_data,0.9665718349928876
11,auto,4,iris_data,0.9599928876244666
12,auto,4,iris_data,0.9598150782361308
13,auto,4,iris_data,0.9665718349928876
14,auto,4,iris_data,0.9665718349928876
15,auto,4,iris_data,0.9665718349928876
16,auto,4,iris_data,0.9731507823613088
17,auto,4,iris_data,0.9599928876244666
18,auto,4,iris_data,0.9665718349928876
19,auto,4,iris_data,0.9599928876244666
20,auto,4,iris_data,0.9731507823613088
21,auto,4,iris_data,0.9665718349928876
22,auto,4,iris_data,0.9534139402560455
23,auto,4,iris_data,0.9599928876244666
24,auto,4,iris_data,0.9532361308677098
25,auto,4,iris_data,0.9532361308677098
26,auto,4,iris_data,0.9530583214793742
27,auto,4,iris_data,0.946479374110953
28,auto,4,iris_data,0.9530583214793742
29,auto,4,iris_data,0.9532361308677098
30,auto,4,iris_data,0.9532361308677098
31,auto,4,iris_data,0.9532361308677098
32,auto,4,iris_data,0.9532361308677098
33,auto,4,iris_data,0.9599928876244666
34,auto,4,iris_data,0.9534139402560455
35,auto,4,iris_data,0.9599928876244666
36,auto,4,iris_data,0.9534139402560455
37,auto,4,iris_data,0.9400782361308677
38,auto,4,iris_data,0.9402560455192035
39,auto,4,iris_data,0.9334992887624467
40,auto,4,iris_data,0.9402560455192035
41,auto,4,iris_data,0.9402560455192035
42,auto,4,iris_data,0.9199857752489331
43,auto,4,iris_data,0.9199857752489331
44,auto,4,iris_data,0.9134068278805121
45,auto,4,iris_data,0.9134068278805121
46,auto,4,iris_data,0.9134068278805121
47,auto,4,iris_data,0.9066500711237553
48,auto,4,iris_data,0.8933143669985776
49,auto,4,iris_data,0.9066500711237553
3,ball_tree,4,iris_data,0.9599928876244666
4,ball_tree,4,iris_data,0.9532361308677098
5,ball_tree,4,iris_data,0.9667496443812233
6,ball_tree,4,iris_data,0.9530583214793742
7,ball_tree,4,iris_data,0.9665718349928876
8,ball_tree,4,iris_data,0.9596372688477952
9,ball_tree,4,iris_data,0.9532361308677098
10,ball_tree,4,iris_data,0.9665718349928876
11,ball_tree,4,iris_data,0.9599928876244666
12,ball_tree,4,iris_data,0.9598150782361308
13,ball_tree,4,iris_data,0.9665718349928876
14,ball_tree,4,iris_data,0.9665718349928876
15,ball_tree,4,iris_data,0.9665718349928876
16,ball_tree,4,iris_data,0.9731507823613088
17,ball_tree,4,iris_data,0.9599928876244666
18,ball_tree,4,iris_data,0.9665718349928876
19,ball_tree,4,iris_data,0.9599928876244666
20,ball_tree,4,iris_data,0.9731507823613088
21,ball_tree,4,iris_data,0.9665718349928876
22,ball_tree,4,iris_data,0.9534139402560455
23,ball_tree,4,iris_data,0.9599928876244666
24,ball_tree,4,iris_data,0.9532361308677098
25,ball_tree,4,iris_data,0.9532361308677098
26,ball_tree,4,iris_data,0.9530583214793742
27,ball_tree,4,iris_data,0.946479374110953
28,ball_tree,4,iris_data,0.9530583214793742
29,ball_tree,4,iris_data,0.9532361308677098
30,ball_tree,4,iris_data,0.9532361308677098
31,ball_tree,4,iris_data,0.9532361308677098
32,ball_tree,4,iris_data,0.9532361308677098
33,ball_tree,4,iris_data,0.9599928876244666
34,ball_tree,4,iris_data,0.9534139402560455
35,ball_tree,4,iris_data,0.9599928876244666
36,ball_tree,4,iris_data,0.9534139402560455
37,ball_tree,4,iris_data,0.9400782361308677
38,ball_tree,4,iris_data,0.9402560455192035
39,ball_tree,4,iris_data,0.9334992887624467
40,ball_tree,4,iris_data,0.9402560455192035
41,ball_tree,4,iris_data,0.9402560455192035
42,ball_tree,4,iris_data,0.9199857752489331
43,ball_tree,4,iris_data,0.9199857752489331
44,ball_tree,4,iris_data,0.9134068278805121
45,ball_tree,4,iris_data,0.9134068278805121
46,ball_tree,4,iris_data,0.9134068278805121
47,ball_tree,4,iris_data,0.9066500711237553
48,ball_tree,4,iris_data,0.8933143669985776
49,ball_tree,4,iris_data,0.9066500711237553
3,kd_tree,4,iris_data,0.9599928876244666
4,kd_tree,4,iris_data,0.9532361308677098
5,kd_tree,4,iris_data,0.9667496443812233
6,kd_tree,4,iris_data,0.9530583214793742
7,kd_tree,4,iris_data,0.9665718349928876
8,kd_tree,4,iris_data,0.9596372688477952
9,kd_tree,4,iris_data,0.9532361308677098
10,kd_tree,4,iris_data,0.9665718349928876
11,kd_tree,4,iris_data,0.9599928876244666
12,kd_tree,4,iris_data,0.9598150782361308
13,kd_tree,4,iris_data,0.9665718349928876
14,kd_tree,4,iris_data,0.9665718349928876
15,kd_tree,4,iris_data,0.9665718349928876
16,kd_tree,4,iris_data,0.9731507823613088
17,kd_tree,4,iris_data,0.9599928876244666
18,kd_tree,4,iris_data,0.9665718349928876
19,kd_tree,4,iris_data,0.9599928876244666
20,kd_tree,4,iris_data,0.9731507823613088
21,kd_tree,4,iris_data,0.9665718349928876
22,kd_tree,4,iris_data,0.9534139402560455
23,kd_tree,4,iris_data,0.9599928876244666
24,kd_tree,4,iris_data,0.9532361308677098
25,kd_tree,4,iris_data,0.9532361308677098
26,kd_tree,4,iris_data,0.9530583214793742
27,kd_tree,4,iris_data,0.946479374110953
28,kd_tree,4,iris_data,0.9530583214793742
29,kd_tree,4,iris_data,0.9532361308677098
30,kd_tree,4,iris_data,0.9532361308677098
31,kd_tree,4,iris_data,0.9532361308677098
32,kd_tree,4,iris_data,0.9532361308677098
33,kd_tree,4,iris_data,0.9599928876244666
34,kd_tree,4,iris_data,0.9534139402560455
35,kd_tree,4,iris_data,0.9599928876244666
36,kd_tree,4,iris_data,0.9534139402560455
37,kd_tree,4,iris_data,0.9400782361308677
38,kd_tree,4,iris_data,0.9402560455192035
39,kd_tree,4,iris_data,0.9334992887624467
40,kd_tree,4,iris_data,0.9402560455192035
41,kd_tree,4,iris_data,0.9402560455192035
42,kd_tree,4,iris_data,0.9199857752489331
43,kd_tree,4,iris_data,0.9199857752489331
44,kd_tree,4,iris_data,0.9134068278805121
45,kd_tree,4,iris_data,0.9134068278805121
46,kd_tree,4,iris_data,0.9134068278805121
47,kd_tree,4,iris_data,0.9066500711237553
48,kd_tree,4,iris_data,0.8933143669985776
49,kd_tree,4,iris_data,0.9066500711237553
3,brute,4,iris_data,0.9599928876244666
4,brute,4,iris_data,0.9464793741109531
5,brute,4,iris_data,0.9599928876244666
6,brute,4,iris_data,0.959815078236131
7,brute,4,iris_data,0.9665718349928876
8,brute,4,iris_data,0.9596372688477952
9,brute,4,iris_data,0.959815078236131
10,brute,4,iris_data,0.9665718349928876
11,brute,4,iris_data,0.9599928876244666
12,brute,4,iris_data,0.9665718349928876
13,brute,4,iris_data,0.9665718349928876
14,brute,4,iris_data,0.9665718349928876
15,brute,4,iris_data,0.9665718349928876
16,brute,4,iris_data,0.9731507823613088
17,brute,4,iris_data,0.9599928876244666
18,brute,4,iris_data,0.9665718349928876
19,brute,4,iris_data,0.9599928876244666
20,brute,4,iris_data,0.9731507823613088
21,brute,4,iris_data,0.9665718349928876
22,brute,4,iris_data,0.9534139402560455
23,brute,4,iris_data,0.9599928876244666
24,brute,4,iris_data,0.9532361308677098
25,brute,4,iris_data,0.9532361308677098
26,brute,4,iris_data,0.9530583214793742
27,brute,4,iris_data,0.946479374110953
28,brute,4,iris_data,0.9530583214793742
29,brute,4,iris_data,0.946479374110953
30,brute,4,iris_data,0.9532361308677098
31,brute,4,iris_data,0.9532361308677098
32,brute,4,iris_data,0.9532361308677098
33,brute,4,iris_data,0.9599928876244666
34,brute,4,iris_data,0.9534139402560455
35,brute,4,iris_data,0.9599928876244666
36,brute,4,iris_data,0.9534139402560455
37,brute,4,iris_data,0.9400782361308677
38,brute,4,iris_data,0.9402560455192035
39,brute,4,iris_data,0.9334992887624467
40,brute,4,iris_data,0.9402560455192035
41,brute,4,iris_data,0.9402560455192035
42,brute,4,iris_data,0.9199857752489331
43,brute,4,iris_data,0.9199857752489331
44,brute,4,iris_data,0.9134068278805121
45,brute,4,iris_data,0.9199857752489331
46,brute,4,iris_data,0.9134068278805121
47,brute,4,iris_data,0.9066500711237553
48,brute,4,iris_data,0.8933143669985776
49,brute,4,iris_data,0.9066500711237553
3,auto,5,iris_data,0.9666666666666668
4,auto,5,iris_data,0.9733333333333334
5,auto,5,iris_data,0.9733333333333334
6,auto,5,iris_data,0.9800000000000001
7,auto,5,iris_data,0.9800000000000001
8,auto,5,iris_data,0.9666666666666668
9,auto,5,iris_data,0.9733333333333334
10,auto,5,iris_data,0.9800000000000001
11,auto,5,iris_data,0.9800000000000001
12,auto,5,iris_data,0.9800000000000001
13,auto,5,iris_data,0.9733333333333334
14,auto,5,iris_data,0.9666666666666666
15,auto,5,iris_data,0.9666666666666668
16,auto,5,iris_data,0.9666666666666668
17,auto,5,iris_data,0.9666666666666668
18,auto,5,iris_data,0.9666666666666666
19,auto,5,iris_data,0.9666666666666668
20,auto,5,iris_data,0.96
21,auto,5,iris_data,0.9666666666666668
22,auto,5,iris_data,0.96
23,auto,5,iris_data,0.96
24,auto,5,iris_data,0.9466666666666667
25,auto,5,iris_data,0.96
26,auto,5,iris_data,0.9466666666666665
27,auto,5,iris_data,0.9466666666666667
28,auto,5,iris_data,0.9399999999999998
29,auto,5,iris_data,0.9333333333333332
30,auto,5,iris_data,0.9399999999999998
31,auto,5,iris_data,0.9333333333333332
32,auto,5,iris_data,0.9466666666666665
33,auto,5,iris_data,0.9399999999999998
34,auto,5,iris_data,0.9533333333333334
35,auto,5,iris_data,0.9533333333333334
36,auto,5,iris_data,0.9533333333333334
37,auto,5,iris_data,0.9466666666666667
38,auto,5,iris_data,0.9333333333333333
39,auto,5,iris_data,0.9400000000000001
40,auto,5,iris_data,0.9266666666666667
41,auto,5,iris_data,0.9400000000000001
42,auto,5,iris_data,0.9400000000000001
43,auto,5,iris_data,0.9400000000000001
44,auto,5,iris_data,0.9266666666666667
45,auto,5,iris_data,0.9400000000000001
46,auto,5,iris_data,0.9333333333333333
47,auto,5,iris_data,0.9266666666666667
48,auto,5,iris_data,0.9266666666666667
49,auto,5,iris_data,0.9400000000000001
3,ball_tree,5,iris_data,0.9666666666666668
4,ball_tree,5,iris_data,0.9733333333333334
5,ball_tree,5,iris_data,0.9733333333333334
6,ball_tree,5,iris_data,0.9800000000000001
7,ball_tree,5,iris_data,0.9800000000000001
8,ball_tree,5,iris_data,0.9666666666666668
9,ball_tree,5,iris_data,0.9733333333333334
10,ball_tree,5,iris_data,0.9800000000000001
11,ball_tree,5,iris_data,0.9800000000000001
12,ball_tree,5,iris_data,0.9800000000000001
13,ball_tree,5,iris_data,0.9733333333333334
14,ball_tree,5,iris_data,0.9666666666666666
15,ball_tree,5,iris_data,0.9666666666666668
16,ball_tree,5,iris_data,0.9666666666666668
17,ball_tree,5,iris_data,0.9666666666666668
18,ball_tree,5,iris_data,0.9666666666666666
19,ball_tree,5,iris_data,0.9666666666666668
20,ball_tree,5,iris_data,0.96
21,ball_tree,5,iris_data,0.9666666666666668
22,ball_tree,5,iris_data,0.96
23,ball_tree,5,iris_data,0.96
24,ball_tree,5,iris_data,0.9466666666666667
25,ball_tree,5,iris_data,0.96
26,ball_tree,5,iris_data,0.9466666666666665
27,ball_tree,5,iris_data,0.9466666666666667
28,ball_tree,5,iris_data,0.9399999999999998
29,ball_tree,5,iris_data,0.9333333333333332
30,ball_tree,5,iris_data,0.9399999999999998
31,ball_tree,5,iris_data,0.9333333333333332
32,ball_tree,5,iris_data,0.9466666666666665
33,ball_tree,5,iris_data,0.9399999999999998
34,ball_tree,5,iris_data,0.9533333333333334
35,ball_tree,5,iris_data,0.9533333333333334
36,ball_tree,5,iris_data,0.9533333333333334
37,ball_tree,5,iris_data,0.9466666666666667
38,ball_tree,5,iris_data,0.9333333333333333
39,ball_tree,5,iris_data,0.9400000000000001
40,ball_tree,5,iris_data,0.9266666666666667
41,ball_tree,5,iris_data,0.9400000000000001
42,ball_tree,5,iris_data,0.9400000000000001
43,ball_tree,5,iris_data,0.9400000000000001
44,ball_tree,5,iris_data,0.9266666666666667
45,ball_tree,5,iris_data,0.9400000000000001
46,ball_tree,5,iris_data,0.9333333333333333
47,ball_tree,5,iris_data,0.9266666666666667
48,ball_tree,5,iris_data,0.9266666666666667
49,ball_tree,5,iris_data,0.9400000000000001
3,kd_tree,5,iris_data,0.9666666666666668
4,kd_tree,5,iris_data,0.9733333333333334
5,kd_tree,5,iris_data,0.9733333333333334
6,kd_tree,5,iris_data,0.9800000000000001
7,kd_tree,5,iris_data,0.9800000000000001
8,kd_tree,5,iris_data,0.9666666666666668
9,kd_tree,5,iris_data,0.9733333333333334
10,kd_tree,5,iris_data,0.9800000000000001
11,kd_tree,5,iris_data,0.9800000000000001
12,kd_tree,5,iris_data,0.9800000000000001
13,kd_tree,5,iris_data,0.9733333333333334
14,kd_tree,5,iris_data,0.9666666666666666
15,kd_tree,5,iris_data,0.9666666666666668
16,kd_tree,5,iris_data,0.9666666666666668
17,kd_tree,5,iris_data,0.9666666666666668
18,kd_tree,5,iris_data,0.9666666666666666
19,kd_tree,5,iris_data,0.9666666666666668
20,kd_tree,5,iris_data,0.96
21,kd_tree,5,iris_data,0.9666666666666668
22,kd_tree,5,iris_data,0.96
23,kd_tree,5,iris_data,0.96
24,kd_tree,5,iris_data,0.9466666666666667
25,kd_tree,5,iris_data,0.96
26,kd_tree,5,iris_data,0.9466666666666665
27,kd_tree,5,iris_data,0.9466666666666667
28,kd_tree,5,iris_data,0.9399999999999998
29,kd_tree,5,iris_data,0.9333333333333332
30,kd_tree,5,iris_data,0.9399999999999998
31,kd_tree,5,iris_data,0.9333333333333332
32,kd_tree,5,iris_data,0.9466666666666665
33,kd_tree,5,iris_data,0.9399999999999998
34,kd_tree,5,iris_data,0.9533333333333334
35,kd_tree,5,iris_data,0.9533333333333334
36,kd_tree,5,iris_data,0.9533333333333334
37,kd_tree,5,iris_data,0.9466666666666667
38,kd_tree,5,iris_data,0.9333333333333333
39,kd_tree,5,iris_data,0.9400000000000001
40,kd_tree,5,iris_data,0.9266666666666667
41,kd_tree,5,iris_data,0.9400000000000001
42,kd_tree,5,iris_data,0.9400000000000001
43,kd_tree,5,iris_data,0.9400000000000001
44,kd_tree,5,iris_data,0.9266666666666667
45,kd_tree,5,iris_data,0.9400000000000001
46,kd_tree,5,iris_data,0.9333333333333333
47,kd_tree,5,iris_data,0.9266666666666667
48,kd_tree,5,iris_data,0.9266666666666667
49,kd_tree,5,iris_data,0.9400000000000001
3,brute,5,iris_data,0.9666666666666668
4,brute,5,iris_data,0.9666666666666668
5,brute,5,iris_data,0.9733333333333334
6,brute,5,iris_data,0.9733333333333334
7,brute,5,iris_data,0.9800000000000001
8,brute,5,iris_data,0.9666666666666668
9,brute,5,iris_data,0.9800000000000001
10,brute,5,iris_data,0.9866666666666667
11,brute,5,iris_data,0.9800000000000001
12,brute,5,iris_data,0.9800000000000001
13,brute,5,iris_data,0.9733333333333334
14,brute,5,iris_data,0.9666666666666666
15,brute,5,iris_data,0.9666666666666668
16,brute,5,iris_data,0.96
17,brute,5,iris_data,0.9666666666666668
18,brute,5,iris_data,0.9666666666666666
19,brute,5,iris_data,0.9666666666666668
20,brute,5,iris_data,0.96
21,brute,5,iris_data,0.9666666666666668
22,brute,5,iris_data,0.96
23,brute,5,iris_data,0.96
24,brute,5,iris_data,0.9466666666666667
25,brute,5,iris_data,0.96
26,brute,5,iris_data,0.9466666666666665
27,brute,5,iris_data,0.9466666666666667
28,brute,5,iris_data,0.9399999999999998
29,brute,5,iris_data,0.9333333333333332
30,brute,5,iris_data,0.9399999999999998
31,brute,5,iris_data,0.9333333333333332
32,brute,5,iris_data,0.9466666666666665
33,brute,5,iris_data,0.9399999999999998
34,brute,5,iris_data,0.9533333333333334
35,brute,5,iris_data,0.9533333333333334
36,brute,5,iris_data,0.9533333333333334
37,brute,5,iris_data,0.9466666666666667
38,brute,5,iris_data,0.9333333333333333
39,brute,5,iris_data,0.9400000000000001
40,brute,5,iris_data,0.9333333333333333
41,brute,5,iris_data,0.9400000000000001
42,brute,5,iris_data,0.9333333333333333
43,brute,5,iris_data,0.9400000000000001
44,brute,5,iris_data,0.9266666666666667
45,brute,5,iris_data,0.9400000000000001
46,brute,5,iris_data,0.9333333333333333
47,brute,5,iris_data,0.9266666666666667
48,brute,5,iris_data,0.9200000000000002
49,brute,5,iris_data,0.9400000000000001
